account,revision_id,parent_id,page_id,namespace,page_title,timestamp,comment,size,sizediff,minor,tags
تیرتاوافن,33653713,33230678,434563,0,علی جنتی,2021-11-28T13:40:08Z,,32940,-153,False,mobile edit; mobile web edit; visualeditor; mw-reverted
تیرتاوافن,33656005,33655994,5865475,3,بحث کاربر:تیرتاوافن,2021-11-28T23:17:46Z,,9178,719,False,mobile edit; mobile app edit; android app edit; discussiontools-added-comment
تیرتاوافن,33657259,0,5865954,2,کاربر:تیرتاوافن/صفحه تمرین,2021-11-29T08:50:27Z,صفحه‌ای تازه حاوی «'''صدیقه مظاهری''' (مرگ در ۶ فروردین ۱۳۹۴) همسر [[احمد جنتی]] از سال ۱۳۲۶ تا زمان مرگ خودش بود.  {{Infobox person|تصویر=Sedigheh_mouzaheri.jpg|تاریخ درگذشت=۶ فروردین ۱۳۹۴|علت مرگ=[[کهولت سن]]|مدفن=قطعه ۲۱ بهشت زهرا، کنار [[آرامگاه کشته‌شدگان هفتم تیر]]|محل_مرگ=[[تهران]]، [...» ایجاد کرد,794,794,False,visualeditor; disambiguator-link-added
تیرتاوافن,33657274,33657259,5865954,2,کاربر:تیرتاوافن/صفحه تمرین,2021-11-29T08:52:03Z,/* مرگ */,790,-4,False,mobile edit; mobile app edit; android app edit
تیرتاوافن,33657769,33657274,5865954,2,کاربر:تیرتاوافن/صفحه تمرین,2021-11-29T10:32:14Z,,3641,2851,False,
تیرتاوافن,33657775,33657769,5865954,2,کاربر:تیرتاوافن/صفحه تمرین,2021-11-29T10:34:58Z,/* top */,3637,-4,False,mobile edit; mobile app edit; android app edit
تیرتاوافن,33657785,33657775,5865954,2,کاربر:تیرتاوافن/صفحه تمرین,2021-11-29T10:39:30Z,/* ازدواج و فرزندان */,3637,0,False,mobile edit; mobile app edit; android app edit
تیرتاوافن,33657794,33657785,5865954,2,کاربر:تیرتاوافن/صفحه تمرین,2021-11-29T10:42:43Z,/* ازدواج و فرزندان */,3648,11,False,mobile edit; mobile app edit; android app edit
تیرتاوافن,33658088,33655992,434563,0,علی جنتی,2021-11-29T11:15:57Z,اضافه کردن اسم مادر، برداشتن پرچم از قسمت ملیت و نوشتن تاریخ تولد دقیق در جعبه اطلاعات,32960,-133,True,mobile edit; mobile web edit; visualeditor; disambiguator-link-added
تیرتاوافن,33658589,33657711,3646913,3,بحث کاربر:Luckie Luke,2021-11-29T12:11:38Z,/* صفحه صدیقه مظاهری */ بخش جدید,2460,371,False,mobile edit; mobile web edit; discussiontools-added-comment
تیرتاوافن,33659934,33657794,5865954,2,کاربر:تیرتاوافن/صفحه تمرین,2021-11-29T16:58:27Z,,6856,3208,False,visualeditor
تیرتاوافن,33659961,33659934,5865954,2,کاربر:تیرتاوافن/صفحه تمرین,2021-11-29T17:05:10Z,,6836,-20,False,mobile edit; mobile web edit; visualeditor
تیرتاوافن,33659963,33659961,5865954,2,کاربر:تیرتاوافن/صفحه تمرین,2021-11-29T17:05:56Z,,6805,-31,False,mobile edit; mobile web edit; visualeditor
تیرتاوافن,33659974,33659963,5865954,2,کاربر:تیرتاوافن/صفحه تمرین,2021-11-29T17:09:36Z,,6844,39,False,mobile edit; mobile web edit; visualeditor
تیرتاوافن,33659992,33659974,5865954,2,کاربر:تیرتاوافن/صفحه تمرین,2021-11-29T17:11:35Z,,6887,43,False,mobile edit; mobile web edit; visualeditor
تیرتاوافن,33660002,33659992,5865954,2,کاربر:تیرتاوافن/صفحه تمرین,2021-11-29T17:14:00Z,,5983,-904,False,mobile edit; mobile web edit; visualeditor
تیرتاوافن,33660004,33660002,5865954,2,کاربر:تیرتاوافن/صفحه تمرین,2021-11-29T17:14:38Z,,5982,-1,False,mobile edit; mobile web edit; visualeditor
تیرتاوافن,33660212,33658419,3219649,4,ویکی‌پدیا:درخواست محافظت صفحه,2021-11-29T17:40:38Z,/* درخواست‌های محافظت */,8339,537,False,mobile edit; mobile app edit; android app edit; discussiontools-added-comment
تیرتاوافن,33660435,33660331,3219649,4,ویکی‌پدیا:درخواست محافظت صفحه,2021-11-29T18:47:44Z,,8109,-537,False,mobile edit; mobile web edit
تیرتاوافن,33660437,33660435,3219649,4,ویکی‌پدیا:درخواست محافظت صفحه,2021-11-29T18:48:01Z,/* درخواست‌های خروج از محافظت */,8646,537,False,mobile edit; mobile web edit; discussiontools-added-comment
تیرتاوافن,33660558,33656005,5865475,3,بحث کاربر:تیرتاوافن,2021-11-29T19:20:50Z,,10937,1759,False,mobile edit; mobile app edit; android app edit; discussiontools-added-comment
تیرتاوافن,33706598,33545187,3746575,0,ناهید (خواننده),2021-12-07T13:03:38Z,,8781,-23,False,mobile edit; mobile web edit; visualeditor
تیرتاوافن,33706612,33706598,3746575,0,ناهید (خواننده),2021-12-07T13:10:34Z,,8943,162,False,mobile edit; mobile web edit; visualeditor
تیرتاوافن,33706617,33706612,3746575,0,ناهید (خواننده),2021-12-07T13:11:03Z,,8947,4,False,mobile edit; mobile web edit; visualeditor
تیرتاوافن,33707366,33706617,3746575,0,ناهید (خواننده),2021-12-07T15:07:10Z,,9206,259,False,mobile edit; mobile web edit; visualeditor; استفادهٔ زیاد از تگ یا الگوی سرخط
تیرتاوافن,33707419,33707366,3746575,0,ناهید (خواننده),2021-12-07T15:09:37Z,وقتی نام همکاری های مرتبطش را در جدول اطلاعات شخص گذاشتم دیگر نیازی به این بخش نیست.,8828,-378,False,mobile edit; mobile web edit; visualeditor
تیرتاوافن,33707468,33707419,3746575,0,ناهید (خواننده),2021-12-07T15:16:28Z,,8934,106,False,mobile edit; mobile web edit; visualeditor
تیرتاوافن,33707498,33707468,3746575,0,ناهید (خواننده),2021-12-07T15:18:00Z,نام آلبومها در قسمت دیگری نوشته شده.,8750,-184,False,mobile edit; mobile web edit; visualeditor
تیرتاوافن,33707567,33702862,5111695,3,بحث کاربر:Patricia Mannerheim,2021-12-07T15:24:37Z,/* حذف صفحه صدیقه مظاهری */ بخش جدید,36137,1071,False,mobile edit; mobile web edit; discussiontools-added-comment
تیرتاوافن,33707713,33707639,5111695,3,بحث کاربر:Patricia Mannerheim,2021-12-07T15:52:21Z,,37802,756,False,mobile edit; mobile app edit; android app edit; discussiontools-added-comment
تیرتاوافن,33712952,33173497,243020,0,پری دریایی کوچولو (فیلم ۱۹۸۹),2021-12-08T11:44:39Z,,9354,888,False,visualeditor; disambiguator-link-added
تیرتاوافن,33712967,33712952,243020,0,پری دریایی کوچولو (فیلم ۱۹۸۹),2021-12-08T11:47:15Z,,9378,24,False,mobile edit; mobile web edit; visualeditor
تیرتاوافن,33712996,33712967,243020,0,پری دریایی کوچولو (فیلم ۱۹۸۹),2021-12-08T11:53:48Z,,9332,-46,False,mobile edit; mobile web edit
تیرتاوافن,33713094,33712996,243020,0,پری دریایی کوچولو (فیلم ۱۹۸۹),2021-12-08T12:07:40Z,,9300,-32,False,mobile edit; mobile web edit; visualeditor
تیرتاوافن,33713156,33713094,243020,0,پری دریایی کوچولو (فیلم ۱۹۸۹),2021-12-08T12:21:14Z,/* top */اشتباهات اصلاح شد,9299,-1,False,mobile edit; mobile app edit; android app edit
تیرتاوافن,33713200,33713156,243020,0,پری دریایی کوچولو (فیلم ۱۹۸۹),2021-12-08T12:42:57Z,,9327,28,False,mobile edit; mobile web edit; متن دارای ویکی‌متن نامتناظر; visualeditor
تیرتاوافن,33717470,33716238,243020,0,پری دریایی کوچولو (فیلم ۱۹۸۹),2021-12-09T08:30:38Z,/* top */اشتباهات اصلاح شد,9249,-28,False,mobile edit; mobile app edit; android app edit
تیرتاوافن,33718904,33677755,115533,0,انقلاب فرانسه,2021-12-09T13:57:44Z,/* top */دستور زبان اصلاح شد,41882,0,False,mobile edit; mobile app edit; android app edit; mw-reverted
تیرتاوافن,33718931,33718910,115533,0,انقلاب فرانسه,2021-12-09T13:59:42Z,/* top */دستور زبان اصلاح شد,41882,0,False,mobile edit; mobile app edit; android app edit; mw-reverted
تیرتاوافن,33718951,33718931,115533,0,انقلاب فرانسه,2021-12-09T14:03:08Z,/* top */دستور زبان اصلاح شد,41882,0,False,mobile edit; mobile app edit; android app edit; mw-manual-revert
تیرتاوافن,33727083,33721311,243020,0,پری دریایی کوچولو (فیلم ۱۹۸۹),2021-12-11T08:01:41Z,,9754,273,False,mobile edit; mobile web edit; visualeditor; استفادهٔ زیاد از تگ یا الگوی سرخط
تیرتاوافن,33728035,33719591,5872632,0,آریل (دیزنی),2021-12-11T10:15:10Z,,6779,539,False,mobile edit; mobile web edit; visualeditor; استفادهٔ زیاد از تگ یا الگوی سرخط
تیرتاوافن,33728046,33728035,5872632,0,آریل (دیزنی),2021-12-11T10:16:48Z,تغییر باشکوه به با شکوه,6780,1,False,mobile edit; mobile web edit; visualeditor
تیرتاوافن,33728072,33728046,5872632,0,آریل (دیزنی),2021-12-11T10:19:36Z,,6788,8,False,mobile edit; mobile web edit; visualeditor
تیرتاوافن,33728121,33727083,243020,0,پری دریایی کوچولو (فیلم ۱۹۸۹),2021-12-11T10:25:58Z,,10552,798,False,mobile edit; mobile web edit; visualeditor
تیرتاوافن,33728151,33728121,243020,0,پری دریایی کوچولو (فیلم ۱۹۸۹),2021-12-11T10:31:36Z,,10566,14,False,mobile edit; mobile web edit; visualeditor
تیرتاوافن,33729564,33729152,243020,0,پری دریایی کوچولو (فیلم ۱۹۸۹),2021-12-11T14:07:04Z,/* top */پیوندهایی افزوده شد,9513,135,False,mobile edit; mobile app edit; android app edit; استفادهٔ زیاد از تگ یا الگوی سرخط
تیرتاوافن,33729774,32046173,888218,0,آریل,2021-12-11T14:38:13Z,/* top */پیوندهایی افزوده شد,583,50,False,mobile edit; mobile app edit; android app edit
تیرتاوافن,33729779,33729774,888218,0,آریل,2021-12-11T14:39:14Z,/* top */اشتباهات اصلاح شد,586,3,False,mobile edit; mobile app edit; android app edit
تیرتاوافن,33734883,33731651,5872632,0,آریل (دیزنی),2021-12-12T13:36:42Z,/* top */اشتباهات اصلاح شد,6464,-351,False,mobile edit; mobile app edit; android app edit
تیرتاوافن,33734942,33734883,5872632,0,آریل (دیزنی),2021-12-12T13:51:15Z,"/* top */دستور زبان اصلاح شد, پیوندهایی افزوده شد",6494,30,False,mobile edit; mobile app edit; android app edit
تیرتاوافن,33734973,33732998,5874042,0,پرنسس دیزنی,2021-12-12T13:59:22Z,/* فهرست پرنسس‌های دیزنی */ اشتباهات اصلاح شد,34343,64,False,mobile edit; mobile app edit; android app edit; mw-reverted
تیرتاوافن,33736374,33734038,4058618,3,بحث کاربر:The Ocean,2021-12-12T17:56:50Z,/* همکاری برای ایجاد صفحات مربوط به شرکت والت دیزنی */ بخش جدید,1451,1193,False,mobile edit; mobile app edit; android app edit; discussiontools-added-comment
تیرتاوافن,33736840,33736801,4058618,3,بحث کاربر:The Ocean,2021-12-12T19:51:47Z,,3994,1275,False,mobile edit; mobile app edit; android app edit; mw-reverted; discussiontools-added-comment
تیرتاوافن,33736842,33736840,4058618,3,بحث کاربر:The Ocean,2021-12-12T19:52:01Z,خنثی‌سازی ویرایش 33736840 از [[Special:Contributions/تیرتاوافن|تیرتاوافن]] ([[User talk:تیرتاوافن|بحث]]),2719,-1275,False,mobile edit; mw-undo; mobile app edit; android app edit
تیرتاوافن,33736864,33736842,4058618,3,بحث کاربر:The Ocean,2021-12-12T19:58:48Z,,4018,1299,False,mobile edit; mobile app edit; android app edit; discussiontools-added-comment
تیرتاوافن,33736945,33736864,4058618,3,بحث کاربر:The Ocean,2021-12-12T20:17:42Z,,4427,409,False,mobile edit; mobile app edit; android app edit; discussiontools-added-comment
تیرتاوافن,33737910,0,5874786,0,تیانا (دیزنی),2021-12-13T04:12:52Z,ایجاد شده به‌واسطهٔ ترجمهٔ صفحهٔ «[[:en:Special:Redirect/revision/1055643447|Tiana (The Princess and the Frog)]]»,59802,59802,False,متن دارای ویکی‌متن نامتناظر; contenttranslation; contenttranslation-v2
تیرتاوافن,33738159,33737910,5874786,0,تیانا (دیزنی),2021-12-13T06:11:43Z,,59830,28,False,
تیرتاوافن,33738332,33738159,5874786,0,تیانا (دیزنی),2021-12-13T07:04:09Z,,60795,965,False,متن دارای ویکی‌متن نامتناظر; visualeditor
تیرتاوافن,33738437,33737719,4058618,3,بحث کاربر:The Ocean,2021-12-13T07:42:25Z,/* صفحه جدید تیانا ( شاهدخت و قورباغه) */ بخش جدید,6957,518,False,mobile edit; mobile app edit; android app edit; discussiontools-added-comment
تیرتاوافن,33738747,26704004,3824974,0,تیانا,2021-12-13T09:27:00Z,,273,49,False,mobile edit; mobile web edit; visualeditor
تیرتاوافن,33739062,33738332,5874786,0,تیانا (دیزنی),2021-12-13T10:52:42Z,,66250,5455,False,visualeditor; استفادهٔ زیاد از تگ یا الگوی سرخط
تیرتاوافن,33739675,33739279,4058618,3,بحث کاربر:The Ocean,2021-12-13T13:52:09Z,,9616,2134,False,mobile edit; mobile app edit; android app edit; discussiontools-added-comment
تیرتاوافن,33740815,33739276,5874940,0,تیانا (شاهدخت و قورباغه),2021-12-13T18:18:52Z,تغییرمسیر به [[پیش‌نویس:تیانا (شاهدخت و قورباغه)]] حذف شد,88622,88520,False,متن دارای ویکی‌متن نامتناظر; mw-removed-redirect; استفادهٔ زیاد از تگ یا الگوی سرخط; تبدیل تغییرمسیر به مقاله; mw-reverted; disambiguator-link-added
تیرتاوافن,33740828,33740815,5874940,0,تیانا (شاهدخت و قورباغه),2021-12-13T18:22:54Z,,173132,84510,False,mobile edit; mobile web edit; متن دارای ویکی‌متن نامتناظر; استفادهٔ زیاد از تگ یا الگوی سرخط; mw-reverted
تیرتاوافن,33740833,33740828,5874940,0,تیانا (شاهدخت و قورباغه),2021-12-13T18:23:12Z,,173130,-2,False,mobile edit; mobile web edit; mw-reverted
تیرتاوافن,33740860,33740833,5874940,0,تیانا (شاهدخت و قورباغه),2021-12-13T18:26:36Z,,172142,-988,False,mobile edit; mobile web edit; mw-reverted
تیرتاوافن,33747929,33742920,5874786,0,تیانا (دیزنی),2021-12-14T22:21:47Z,,35949,-26166,False,disambiguator-link-added
تیرتاوافن,33747945,33747929,5874786,0,تیانا (دیزنی),2021-12-14T22:32:12Z,,35965,16,False,visualeditor
تیرتاوافن,33747961,33747945,5874786,0,تیانا (دیزنی),2021-12-14T22:37:34Z,,35932,-33,False,visualeditor-switched
تیرتاوافن,33747963,33747961,5874786,0,تیانا (دیزنی),2021-12-14T22:38:08Z,,35929,-3,False,
تیرتاوافن,33747972,33747963,5874786,0,تیانا (دیزنی),2021-12-14T22:41:01Z,/* سیر تکاملی شخصیت */ پیوندهایی افزوده شد,35932,3,False,mobile edit; mobile app edit; android app edit
تیرتاوافن,33747990,33747972,5874786,0,تیانا (دیزنی),2021-12-14T22:44:15Z,/* سیر تکاملی شخصیت */ اشتباهات اصلاح شد,35936,4,False,mobile edit; mobile app edit; android app edit
تیرتاوافن,33748017,33747990,5874786,0,تیانا (دیزنی),2021-12-14T22:53:15Z,,35939,3,False,visualeditor
تیرتاوافن,33748022,33748017,5874786,0,تیانا (دیزنی),2021-12-14T22:53:59Z,,35936,-3,False,mobile edit; mobile web edit
تیرتاوافن,33748026,33748022,5874786,0,تیانا (دیزنی),2021-12-14T22:54:53Z,,35939,3,False,mobile edit; mobile web edit
تیرتاوافن,33748033,33748026,5874786,0,تیانا (دیزنی),2021-12-14T22:55:36Z,,35936,-3,False,mobile edit; mobile web edit
تیرتاوافن,33748041,33748033,5874786,0,تیانا (دیزنی),2021-12-14T22:58:13Z,,35941,5,False,mobile edit; mobile web edit
تیرتاوافن,33748046,33748041,5874786,0,تیانا (دیزنی),2021-12-14T22:58:45Z,,35936,-5,False,mobile edit; mobile web edit
تیرتاوافن,33748058,33748046,5874786,0,تیانا (دیزنی),2021-12-14T23:01:40Z,,35940,4,False,mobile edit; mobile web edit
تیرتاوافن,33748066,33748058,5874786,0,تیانا (دیزنی),2021-12-14T23:02:53Z,,35936,-4,False,mobile edit; mobile web edit
تیرتاوافن,33748076,33748066,5874786,0,تیانا (دیزنی),2021-12-14T23:04:42Z,,35933,-3,False,mobile edit; mobile web edit; visualeditor
تیرتاوافن,33748083,33748076,5874786,0,تیانا (دیزنی),2021-12-14T23:06:47Z,,35932,-1,False,mobile edit; mobile web edit; visualeditor
تیرتاوافن,33748089,33748083,5874786,0,تیانا (دیزنی),2021-12-14T23:08:30Z,,35933,1,False,mobile edit; mobile web edit; visualeditor
تیرتاوافن,33748090,33748089,5874786,0,تیانا (دیزنی),2021-12-14T23:08:56Z,/* صدا */,35933,0,False,mobile edit; mobile web edit
تیرتاوافن,33748093,33748090,5874786,0,تیانا (دیزنی),2021-12-14T23:09:27Z,,35934,1,False,mobile edit; mobile web edit; visualeditor
تیرتاوافن,33748102,33748093,5874786,0,تیانا (دیزنی),2021-12-14T23:11:01Z,,35944,10,False,mobile edit; mobile web edit; visualeditor
تیرتاوافن,33748107,33748102,5874786,0,تیانا (دیزنی),2021-12-14T23:11:59Z,,35946,2,False,mobile edit; mobile web edit; visualeditor
تیرتاوافن,33748115,33748107,5874786,0,تیانا (دیزنی),2021-12-14T23:13:30Z,,35909,-37,False,mobile edit; mobile web edit; visualeditor
تیرتاوافن,33748126,33748115,5874786,0,تیانا (دیزنی),2021-12-14T23:14:27Z,,35911,2,False,mobile edit; mobile web edit; visualeditor
تیرتاوافن,33748136,33748126,5874786,0,تیانا (دیزنی),2021-12-14T23:15:47Z,,35916,5,False,mobile edit; mobile web edit; visualeditor
تیرتاوافن,33748154,33748136,5874786,0,تیانا (دیزنی),2021-12-14T23:18:58Z,,35940,24,False,mobile edit; mobile web edit; visualeditor
تیرتاوافن,33748180,33748154,5874786,0,تیانا (دیزنی),2021-12-14T23:25:25Z,,35950,10,False,visualeditor
تیرتاوافن,33748192,33748180,5874786,0,تیانا (دیزنی),2021-12-14T23:34:01Z,,35989,39,False,mobile edit; mobile web edit
تیرتاوافن,33748195,33748192,5874786,0,تیانا (دیزنی),2021-12-14T23:35:09Z,/* تم پارک‌ها */,35993,4,False,mobile edit; mobile web edit
تیرتاوافن,33748198,33748195,5874786,0,تیانا (دیزنی),2021-12-14T23:36:56Z,/* روزی روزگاری */,35916,-77,False,mobile edit; mobile web edit
تیرتاوافن,33748210,33748198,5874786,0,تیانا (دیزنی),2021-12-14T23:44:14Z,,35911,-5,False,mobile edit; mobile web edit
تیرتاوافن,33748213,33748210,5874786,0,تیانا (دیزنی),2021-12-14T23:45:49Z,,35891,-20,False,mobile edit; mobile web edit
تیرتاوافن,33748228,33747504,4058618,3,بحث کاربر:The Ocean,2021-12-14T23:52:31Z,/* تبدیل پیش‌نویس به مقاله */ بخش جدید,20388,683,False,mobile edit; mobile app edit; android app edit; discussiontools-added-comment
تیرتاوافن,33748244,33748213,5874786,0,تیانا (دیزنی),2021-12-15T00:03:36Z,/* سیر تکاملی شخصیت */ اشتباهات اصلاح شد,35893,2,False,mobile edit; mobile app edit; android app edit
تیرتاوافن,33748245,33748244,5874786,0,تیانا (دیزنی),2021-12-15T00:05:53Z,/* سیر تکاملی شخصیت */ اشتباهات اصلاح شد,35895,2,False,mobile edit; mobile app edit; android app edit
تیرتاوافن,33748249,33748245,5874786,0,تیانا (دیزنی),2021-12-15T00:07:26Z,/* سیر تکاملی شخصیت */ اشتباهات اصلاح شد,35896,1,False,mobile edit; mobile app edit; android app edit
تیرتاوافن,33749336,33748271,5874786,0,تیانا (دیزنی),2021-12-15T08:21:25Z,/* طراحی و مشخصات */,35944,0,False,mobile edit; mobile web edit
تیرتاوافن,33749342,33749336,5874786,0,تیانا (دیزنی),2021-12-15T08:22:31Z,/* طراحی و مشخصات */,35944,0,False,mobile edit; mobile web edit
تیرتاوافن,33749349,33749342,5874786,0,تیانا (دیزنی),2021-12-15T08:25:33Z,,35944,0,False,mobile edit; mobile web edit
تیرتاوافن,33749353,33749349,5874786,0,تیانا (دیزنی),2021-12-15T08:27:27Z,,35945,1,False,mobile edit; mobile web edit; visualeditor
تیرتاوافن,33749358,33749353,5874786,0,تیانا (دیزنی),2021-12-15T08:28:29Z,,35949,4,False,mobile edit; mobile web edit; visualeditor
تیرتاوافن,33749364,33749358,5874786,0,تیانا (دیزنی),2021-12-15T08:29:53Z,,35932,-17,False,mobile edit; mobile web edit; visualeditor
تیرتاوافن,33749453,33748235,4058618,3,بحث کاربر:The Ocean,2021-12-15T08:47:52Z,/* برنامه های بعدی که به نظرم باید داشته باشیم */ بخش جدید,21978,1344,False,mobile edit; mobile app edit; android app edit; discussiontools-added-comment
تیرتاوافن,33750032,33706661,5865475,3,بحث کاربر:تیرتاوافن,2021-12-15T11:36:07Z,,8436,-4914,False,mobile edit; mobile web edit
تیرتاوافن,33750033,33750032,5865475,3,بحث کاربر:تیرتاوافن,2021-12-15T11:36:18Z,,6023,-2413,False,mobile edit; mobile web edit; mw-manual-revert
تیرتاوافن,33750045,33707498,3746575,0,ناهید (خواننده),2021-12-15T11:39:27Z,/* top */,8733,-17,False,mobile edit; mobile app edit; android app edit
تیرتاوافن,33750909,33750898,4058618,3,بحث کاربر:The Ocean,2021-12-15T15:28:33Z,,23502,553,False,mobile edit; mobile app edit; android app edit; discussiontools-added-comment
تیرتاوافن,33750941,33750925,4058618,3,بحث کاربر:The Ocean,2021-12-15T15:37:13Z,,24431,187,False,mobile edit; mobile app edit; android app edit; discussiontools-added-comment
تیرتاوافن,33751045,33750941,4058618,3,بحث کاربر:The Ocean,2021-12-15T16:03:42Z,,25080,649,False,mobile edit; mobile app edit; android app edit; discussiontools-added-comment
تیرتاوافن,33751432,33750882,5874786,0,تیانا (دیزنی),2021-12-15T17:19:13Z,/* top */تیانا دو شکل دارد قورباغه و انسان که در اینجا تیانا انسان نمایش داده شده,53756,25,False,mobile edit; mobile app edit; android app edit
تیرتاوافن,33758195,33628056,5862858,3,بحث کاربر:پاندورا,2021-12-17T09:38:03Z,/* همکاری برای کامل کردن صفحات دیزنی در ویکی پدیا */ بخش جدید,6913,945,False,discussiontools-added-comment; wikieditor
تیرتاوافن,33758212,33735728,5872632,0,آریل (دیزنی),2021-12-17T09:41:19Z,,6507,204,False,mobile edit; mobile web edit; visualeditor; استفادهٔ زیاد از تگ یا الگوی سرخط; mw-manual-revert
تیرتاوافن,33758266,33758212,5872632,0,آریل (دیزنی),2021-12-17T09:59:03Z,,6616,109,False,mobile edit; mobile web edit; visualeditor
تیرتاوافن,33758460,33758274,5877687,0,داستان‌های افسون‌شده پرنسس دیزنی: رؤیاهای خود را دنبال کنید,2021-12-17T10:16:14Z,/* top */اشتباهات اصلاح شد,6761,45,False,mobile edit; mobile app edit; android app edit
تیرتاوافن,33758489,33758460,5877687,0,داستان‌های افسون‌شده پرنسس دیزنی: رؤیاهای خود را دنبال کنید,2021-12-17T10:19:46Z,/* top */دستور زبان اصلاح شد,6785,24,False,mobile edit; mobile app edit; android app edit
تیرتاوافن,33758980,32949427,2664438,0,اصغر,2021-12-17T11:33:30Z,/* top */پیوندهایی افزوده شد,991,24,False,mobile edit; mobile app edit; android app edit
تیرتاوافن,33758992,32848911,258413,0,اصغر بیچاره,2021-12-17T11:37:18Z,/* top */اشتباهات اصلاح شد,9197,-15,False,mobile edit; mobile app edit; android app edit; disambiguator-link-added
تیرتاوافن,33760468,33759832,4058618,3,بحث کاربر:The Ocean,2021-12-17T17:37:48Z,,28132,589,False,mobile edit; mobile app edit; android app edit; discussiontools-added-comment
تیرتاوافن,33760477,33757045,621537,0,گیسوکمند,2021-12-17T17:40:01Z,/* top */اشتباهات اصلاح شد,25944,-4,False,mobile edit; mobile app edit; android app edit
تیرتاوافن,33760507,33760477,621537,0,گیسوکمند,2021-12-17T17:45:11Z,/* top */دستور زبان اصلاح شد,25990,46,False,mobile edit; mobile app edit; android app edit
تیرتاوافن,33760583,33757046,5877554,0,ماجراجویی راپانزل گیسوکمند,2021-12-17T17:57:57Z,/* انتشار */ دستور زبان اصلاح شد,26231,4,False,mobile edit; mobile app edit; android app edit
تیرتاوافن,33762959,0,5878268,0,سوفیای یکم,2021-12-18T10:36:44Z,ایجاد شده به‌واسطهٔ ترجمهٔ صفحهٔ «[[:en:Special:Redirect/revision/1059471259|Sofia the First]]»,22966,22966,False,contenttranslation; پیوند به بیرون نیازمند بازبینی; contenttranslation-v2
تیرتاوافن,33762978,33762959,5878268,0,سوفیای یکم,2021-12-18T10:39:22Z,,22964,-2,False,mobile edit; mobile web edit
تیرتاوافن,33762984,33762978,5878268,0,سوفیای یکم,2021-12-18T10:40:37Z,,22960,-4,False,mobile edit; mobile web edit
تیرتاوافن,33763008,33762984,5878268,0,سوفیای یکم,2021-12-18T10:45:16Z,/* تاریخچه */منبع در جای اشتباه قرار گرفته,22751,-209,False,mobile edit; mobile web edit; حذف منبع
تیرتاوافن,33763012,33763008,5878268,0,سوفیای یکم,2021-12-18T10:46:01Z,,22750,-1,False,mobile edit; mobile web edit; visualeditor
تیرتاوافن,33763016,33763012,5878268,0,سوفیای یکم,2021-12-18T10:46:35Z,,22959,209,False,mobile edit; mobile web edit
تیرتاوافن,33763077,33763016,5878268,0,سوفیای یکم,2021-12-18T10:56:35Z,در ویکی‌پدیا انگلیسی که مقاله از روی آن ترجمه شده جای این منابع اینجا نیست,22857,-102,False,mobile edit; mobile web edit; حذف منبع
تیرتاوافن,33763127,33763077,5878268,0,سوفیای یکم,2021-12-18T11:04:31Z,/* تاریخچه */,23335,478,False,mobile edit; mobile web edit
تیرتاوافن,33763133,33763127,5878268,0,سوفیای یکم,2021-12-18T11:05:59Z,,23334,-1,False,mobile edit; mobile web edit
تیرتاوافن,33763150,33763133,5878268,0,سوفیای یکم,2021-12-18T11:09:18Z,,23336,2,False,mobile edit; mobile web edit
تیرتاوافن,33763154,33763150,5878268,0,سوفیای یکم,2021-12-18T11:10:15Z,,23335,-1,False,mobile edit; mobile web edit; visualeditor
تیرتاوافن,33763188,33763154,5878268,0,سوفیای یکم,2021-12-18T11:16:08Z,,23338,3,False,mobile edit; mobile web edit; visualeditor
تیرتاوافن,33763201,33763188,5878268,0,سوفیای یکم,2021-12-18T11:18:27Z,,23364,26,False,mobile edit; mobile web edit; visualeditor
تیرتاوافن,33763215,33763201,5878268,0,سوفیای یکم,2021-12-18T11:21:27Z,,23368,4,False,mobile edit; mobile web edit; visualeditor
تیرتاوافن,33763233,33763215,5878268,0,سوفیای یکم,2021-12-18T11:24:10Z,,23379,11,False,mobile edit; mobile web edit
تیرتاوافن,33763604,33763233,5878268,0,سوفیای یکم,2021-12-18T12:32:00Z,/* پذیرایی */,23425,46,False,mobile edit; mobile web edit
تیرتاوافن,33763827,33763604,5878268,0,سوفیای یکم,2021-12-18T13:01:18Z,,23517,92,False,mobile edit; mobile web edit
تیرتاوافن,33763835,33763827,5878268,0,سوفیای یکم,2021-12-18T13:01:59Z,/* همچنین ببینید */,23501,-16,False,mobile edit; mobile web edit
تیرتاوافن,33763842,33763835,5878268,0,سوفیای یکم,2021-12-18T13:03:42Z,/* پیوند به بیرون */,23315,-186,False,mobile edit; mobile web edit
تیرتاوافن,33763845,33763842,5878268,0,سوفیای یکم,2021-12-18T13:04:26Z,,23316,1,False,mobile edit; mobile web edit; visualeditor
تیرتاوافن,33764083,33762880,4058618,3,بحث کاربر:The Ocean,2021-12-18T13:54:08Z,/* صفحه سوفیای یکم */ بخش جدید,15136,460,False,mobile edit; mobile app edit; android app edit; discussiontools-added-comment
تیرتاوافن,33764132,33763845,5878268,0,سوفیای یکم,2021-12-18T14:09:30Z,/* top */,23235,-81,False,mobile edit; mobile app edit; android app edit
تیرتاوافن,33764642,33751630,314241,0,فردوسی,2021-12-18T16:16:37Z,/* top */تاریخ تولد میلادی اضافه شد و دین و مذهب از هم جدا شدند.,254960,199,False,mobile edit; mobile app edit; android app edit; mw-reverted
تیرتاوافن,33764654,33764642,314241,0,فردوسی,2021-12-18T16:20:01Z,/* top */اشتباهات اصلاح شد,254960,0,False,mobile edit; mobile app edit; android app edit; mw-reverted
تیرتاوافن,33764678,33764654,314241,0,فردوسی,2021-12-18T16:25:28Z,,254963,3,False,mobile edit; mobile web edit; visualeditor; mw-reverted
تیرتاوافن,33764695,33764678,314241,0,فردوسی,2021-12-18T16:27:52Z,,254761,-202,False,mobile edit; mobile web edit; visualeditor; mw-manual-revert
تیرتاوافن,33765609,33765525,5878268,0,سوفیای یکم,2021-12-18T19:49:32Z,/* طرح */ برکت به برکت می‌دهد,25702,14,False,mobile edit; mobile app edit; android app edit
تیرتاوافن,33765621,33765609,5878268,0,سوفیای یکم,2021-12-18T19:51:32Z,/* طرح */,25703,1,False,mobile edit; mobile app edit; android app edit
تیرتاوافن,33765633,33765621,5878268,0,سوفیای یکم,2021-12-18T19:53:28Z,/* طرح */,25751,48,False,mobile edit; mobile app edit; android app edit
تیرتاوافن,33765641,33765633,5878268,0,سوفیای یکم,2021-12-18T19:55:12Z,/* صداپیشه‌ها و شخصیت‌ها */,25755,4,False,mobile edit; mobile app edit; android app edit
تیرتاوافن,33765659,33765641,5878268,0,سوفیای یکم,2021-12-18T19:59:01Z,/* صداپیشه‌ها و شخصیت‌ها */,25677,-78,False,mobile edit; mobile app edit; android app edit
تیرتاوافن,33765668,33765659,5878268,0,سوفیای یکم,2021-12-18T20:01:27Z,/* پذیرایی */,25680,3,False,mobile edit; mobile app edit; android app edit
تیرتاوافن,33768053,33767076,5874042,0,پرنسس دیزنی,2021-12-19T09:12:14Z,,35339,313,False,mobile edit; mobile web edit; visualeditor
تیرتاوافن,33768074,33768053,5874042,0,پرنسس دیزنی,2021-12-19T09:17:26Z,,35351,12,False,mobile edit; mobile web edit; visualeditor
تیرتاوافن,33769262,33766978,5878268,0,سوفیای یکم,2021-12-19T13:37:05Z,/* top */,27763,0,False,mobile edit; mobile app edit; android app edit
تیرتاوافن,33769279,33769262,5878268,0,سوفیای یکم,2021-12-19T13:41:45Z,/* top */,27798,35,False,mobile edit; mobile app edit; android app edit
تیرتاوافن,33773253,33091809,442484,0,سید حسن امامی,2021-12-20T09:37:21Z,/* top */,9342,160,False,mobile edit; mobile app edit; android app edit
تیرتاوافن,33773260,33773253,442484,0,سید حسن امامی,2021-12-20T09:40:24Z,/* top */,9344,2,False,mobile edit; mobile app edit; android app edit
تیرتاوافن,33778937,30410642,3541210,0,روایت,2021-12-21T12:48:29Z,,4954,-1,False,mw-reverted; wikieditor
تیرتاوافن,33778958,33778937,3541210,0,روایت,2021-12-21T12:51:07Z,,4954,0,False,mw-reverted; wikieditor
تیرتاوافن,33781806,33779668,5873274,10,الگو:پرنسس دیزنی,2021-12-22T10:04:40Z,,6368,-20,False,wikieditor
تیرتاوافن,33783675,0,5880996,2,کاربر:تیرتاوافن/مادر گاتل,2021-12-22T18:45:29Z,صفحه‌ای تازه حاوی «.» ایجاد کرد,1,1,False,mobile edit; mobile web edit; visualeditor
تیرتاوافن,33783676,33783675,5880996,2,کاربر:تیرتاوافن/مادر گاتل,2021-12-22T18:45:53Z,صفحه را خالی کرد,0,-1,False,mobile edit; mobile web edit; visualeditor; mw-blank
تیرتاوافن,33783729,33780341,5880538,0,گیسوکمند (فرنچایز),2021-12-22T19:09:24Z,/* اسپین‌آف لغوشده */,17664,0,False,mobile edit; mobile app edit; android app edit
تیرتاوافن,33784189,33781858,4058618,3,بحث کاربر:The Ocean,2021-12-22T21:03:52Z,/* صفحه مادر گاتل */ بخش جدید,21120,595,False,discussiontools-added-comment; wikieditor
تیرتاوافن,33785130,33780324,5876253,0,یوجین فیتزربرت,2021-12-22T23:40:05Z,/* top */,5891,10,False,mobile edit; mobile app edit; android app edit
تیرتاوافن,33785215,33784273,4058618,3,بحث کاربر:The Ocean,2021-12-23T00:22:04Z,/* پاسکال و ماکسیموس */ بخش جدید,22031,650,False,discussiontools-added-comment; wikieditor
تیرتاوافن,33788744,32949469,4800220,0,سهراب دیبا,2021-12-23T10:23:52Z,,4220,-955,False,mobile edit; mobile web edit; متن دارای ویکی‌متن نامتناظر; visualeditor
تیرتاوافن,33788748,33788744,4800220,0,سهراب دیبا,2021-12-23T10:24:19Z,,4222,2,False,mobile edit; mobile web edit; visualeditor
تیرتاوافن,33788757,33788748,4800220,0,سهراب دیبا,2021-12-23T10:25:47Z,,4220,-2,False,mobile edit; mobile web edit; visualeditor
تیرتاوافن,33788812,33788757,4800220,0,سهراب دیبا,2021-12-23T10:39:24Z,,4432,212,False,mobile edit; mobile web edit; متن دارای ویکی‌متن نامتناظر; visualeditor
تیرتاوافن,33799379,33731714,243020,0,پری دریایی کوچولو (فیلم ۱۹۸۹),2021-12-24T12:34:54Z,,9494,-16,False,mobile edit; mobile web edit; visualeditor
تیرتاوافن,33804647,33799379,243020,0,پری دریایی کوچولو (فیلم ۱۹۸۹),2021-12-24T17:20:58Z,/* top */,9516,22,False,mobile edit; mobile app edit; android app edit
تیرتاوافن,33806530,33604622,14198,0,حق تکثیر,2021-12-25T03:47:08Z,/* قوانین بین‌المللی حق تکثیر */,29234,40,False,mobile edit; mobile app edit; android app edit
تیرتاوافن,33806535,33806530,14198,0,حق تکثیر,2021-12-25T03:51:51Z,/* در ایران */,29234,0,False,mobile edit; mobile app edit; android app edit
تیرتاوافن,33810603,29357560,360491,0,داستان پریان,2021-12-25T20:01:52Z,تیرتاوافن صفحهٔ [[متل (قصه)]] را به [[داستان پریان]] منتقل کرد: این صفحه برابر صفحه داستان پریان یا داستان عامیانه در ویکی‌پدیا انگلیسی است برای همین نام مقاله عوض می‌شود و مطالب این صفحه حذف می‌شوند و مطالب صفحه داستان عامیانه جای آن‌ها را می‌گیرد.,6893,0,True,
تیرتاوافن,33810604,0,5882724,0,متل (قصه),2021-12-25T20:01:53Z,تیرتاوافن صفحهٔ [[متل (قصه)]] را به [[داستان پریان]] منتقل کرد: این صفحه برابر صفحه داستان پریان یا داستان عامیانه در ویکی‌پدیا انگلیسی است برای همین نام مقاله عوض می‌شود و مطالب این صفحه حذف می‌شوند و مطالب صفحه داستان عامیانه جای آن‌ها را می‌گیرد.,64,64,False,mw-new-redirect
تیرتاوافن,33810614,33778958,3541210,0,روایت,2021-12-25T20:03:50Z,,3162,-1792,False,mobile edit; mobile web edit; mw-reverted
تیرتاوافن,33810639,33810614,3541210,0,روایت,2021-12-25T20:06:14Z,مطالب این صفحه به صفحه داستان پریان منتقل می‌شود.,0,-3162,False,mw-blank; حذف حجم زیادی از مطالب منبع‌دار; همهٔ رده‌ها را حذف کرد; mw-reverted; wikieditor
تیرتاوافن,33810649,33810603,360491,0,داستان پریان,2021-12-25T20:07:11Z,مطالب صفحه داستان عامیانه در حال انتقال به این صفحه است و مطالب قبلی حذف می‌شود.,4918,-1975,False,visualeditor-switched; حذف حجم زیادی از مطالب منبع‌دار; mw-reverted; wikieditor
تیرتاوافن,33810692,33810639,3541210,0,روایت,2021-12-25T20:11:32Z,/* top */,248,248,False,mobile edit; mobile app edit; android app edit; mw-reverted
تیرتاوافن,33816099,0,5883570,0,علاءالدین (شخصیت دیزنی),2021-12-26T21:57:41Z,ایجاد شده به‌واسطهٔ ترجمهٔ صفحهٔ «[[:en:Special:Redirect/revision/1060392976|Aladdin (Disney character)]]»,22182,22182,False,contenttranslation; contenttranslation-v2
تیرتاوافن,33816116,33816099,5883570,0,علاءالدین (شخصیت دیزنی),2021-12-26T22:06:10Z,,22337,155,False,visualeditor-switched; wikieditor
تیرتاوافن,33816126,33816116,5883570,0,علاءالدین (شخصیت دیزنی),2021-12-26T22:08:03Z,,22359,22,False,visualeditor
تیرتاوافن,33816140,33816126,5883570,0,علاءالدین (شخصیت دیزنی),2021-12-26T22:12:25Z,,22363,4,False,visualeditor
تیرتاوافن,33816164,33816140,5883570,0,علاءالدین (شخصیت دیزنی),2021-12-26T22:20:19Z,,22356,-7,False,visualeditor
تیرتاوافن,33816166,33816164,5883570,0,علاءالدین (شخصیت دیزنی),2021-12-26T22:21:16Z,,22421,65,False,visualeditor-switched; wikieditor
تیرتاوافن,33816170,33816166,5883570,0,علاءالدین (شخصیت دیزنی),2021-12-26T22:22:25Z,,22449,28,False,wikieditor
تیرتاوافن,33816182,33816170,5883570,0,علاءالدین (شخصیت دیزنی),2021-12-26T22:28:05Z,,22451,2,False,wikieditor
تیرتاوافن,33816196,33816182,5883570,0,علاءالدین (شخصیت دیزنی),2021-12-26T22:34:00Z,,22489,38,False,wikieditor
تیرتاوافن,33816214,33769279,5878268,0,سوفیای یکم,2021-12-26T22:39:15Z,,27822,24,False,wikieditor
تیرتاوافن,33816216,33816196,5883570,0,علاءالدین (شخصیت دیزنی),2021-12-26T22:39:50Z,,22516,27,False,wikieditor
تیرتاوافن,33816220,33781806,5873274,10,الگو:پرنسس دیزنی,2021-12-26T22:41:50Z,,6373,5,False,wikieditor
تیرتاوافن,33816224,33816220,5873274,10,الگو:پرنسس دیزنی,2021-12-26T22:43:02Z,,6353,-20,False,wikieditor
تیرتاوافن,33816246,33816216,5883570,0,علاءالدین (شخصیت دیزنی),2021-12-26T22:52:16Z,,22514,-2,False,wikieditor
تیرتاوافن,33817527,33816429,4058618,3,بحث کاربر:The Ocean,2021-12-27T07:26:44Z,/* صفحه شخصیت دیزنی علاءالدین */ بخش جدید,19589,1508,False,mobile edit; mobile web edit; discussiontools-added-comment
تیرتاوافن,33817584,33811104,5874359,0,پوکاهانتس (شخصیت),2021-12-27T07:43:00Z,/* شخصیت و طراحی */,38613,-11,False,mobile edit; mobile web edit
تیرتاوافن,33819653,33819619,4058618,3,بحث کاربر:The Ocean,2021-12-27T15:15:12Z,,20529,473,False,mobile edit; mobile app edit; android app edit; discussiontools-added-comment
تیرتاوافن,33821100,33819653,4058618,3,بحث کاربر:The Ocean,2021-12-27T21:08:57Z,/* پیشنهاد عنوان صفحه شاهزاده جذاب */ بخش جدید,21036,507,False,mobile edit; mobile app edit; android app edit; discussiontools-added-comment
تیرتاوافن,33821105,33821064,5884196,0,پرنس چارمینگ,2021-12-27T21:11:54Z,/* top */تبدیل -اکثر- به -بیشتر-... -اکثر- کلمه عربی است و -بیشتر- کلمه مترادف فارسی‌اش است,6811,2,False,mobile edit; mobile app edit; android app edit
تیرتاوافن,33821134,33821129,4058618,3,بحث کاربر:The Ocean,2021-12-27T21:18:10Z,,21813,326,False,mobile edit; mobile app edit; android app edit; discussiontools-added-comment
تیرتاوافن,33821284,33821247,4058618,3,بحث کاربر:The Ocean,2021-12-27T22:00:51Z,,23611,1192,False,mobile edit; mobile app edit; android app edit; discussiontools-added-comment
تیرتاوافن,33821285,33821284,4058618,3,بحث کاربر:The Ocean,2021-12-27T22:01:32Z,,23863,252,False,mobile edit; mobile app edit; android app edit; discussiontools-added-comment
تیرتاوافن,33821289,33821285,4058618,3,بحث کاربر:The Ocean,2021-12-27T22:05:08Z,,25112,1249,False,mobile edit; mobile app edit; android app edit; discussiontools-added-comment
تیرتاوافن,33821324,33821317,4058618,3,بحث کاربر:The Ocean,2021-12-27T22:34:48Z,,26775,834,False,mobile edit; mobile app edit; android app edit; discussiontools-added-comment
تیرتاوافن,33825585,33821419,4058618,3,بحث کاربر:The Ocean,2021-12-28T19:11:37Z,/* عنوان صفحه Ursula (The Little Mermaid) */ بخش جدید,30545,501,False,mobile edit; mobile app edit; android app edit; discussiontools-added-comment
تیرتاوافن,33825664,33812814,2611142,4,ویکی‌پدیا:زبان و زبان‌شناسی,2021-12-28T19:29:15Z,/* (Ursula (The Little Mermaid */ بخش جدید,15258,863,False,mobile edit; mobile web edit; discussiontools-added-comment
تیرتاوافن,33825668,33825664,2611142,4,ویکی‌پدیا:زبان و زبان‌شناسی,2021-12-28T19:30:41Z,/* (Ursula (The Little Mermaid */,15223,-35,False,mobile edit; mobile app edit; android app edit
تیرتاوافن,33827905,33819622,5883570,0,علاءالدین (شخصیت دیزنی),2021-12-29T11:27:03Z,/* top */,22446,50,False,mobile edit; متن دارای ویکی‌متن نامتناظر; mobile app edit; android app edit
تیرتاوافن,33827908,33827905,5883570,0,علاءالدین (شخصیت دیزنی),2021-12-29T11:27:49Z,/* top */,22444,-2,False,mobile edit; mobile app edit; android app edit
تیرتاوافن,33827923,33827908,5883570,0,علاءالدین (شخصیت دیزنی),2021-12-29T11:30:01Z,/* top */,22446,2,False,mobile edit; mobile app edit; android app edit
تیرتاوافن,33828051,33827923,5883570,0,علاءالدین (شخصیت دیزنی),2021-12-29T11:55:20Z,,22538,92,False,mobile edit; mobile web edit; متن دارای ویکی‌متن نامتناظر; visualeditor
تیرتاوافن,33828081,33828051,5883570,0,علاءالدین (شخصیت دیزنی),2021-12-29T12:00:49Z,/* ظواهر */,22541,3,False,mobile edit; mobile app edit; android app edit
تیرتاوافن,33828123,33828081,5883570,0,علاءالدین (شخصیت دیزنی),2021-12-29T12:08:58Z,/* در رسانه‌های دیگر */,22542,1,False,mobile edit; mobile app edit; android app edit
تیرتاوافن,33828128,33828123,5883570,0,علاءالدین (شخصیت دیزنی),2021-12-29T12:09:56Z,/* در رسانه‌های دیگر */,22542,0,False,mobile edit; mobile app edit; android app edit
تیرتاوافن,33828204,32907033,4943877,0,نفرت‌انگیز (فیلم ۲۰۱۹),2021-12-29T12:25:16Z,/* top */,6071,-35,False,mobile edit; mobile app edit; android app edit
تیرتاوافن,33829195,33828992,5874042,0,پرنسس دیزنی,2021-12-29T16:33:15Z,/* تاریخچه */,56072,-11,False,mobile edit; mobile app edit; android app edit
تیرتاوافن,33829216,33829195,5874042,0,پرنسس دیزنی,2021-12-29T16:37:45Z,/* تاریخچه */,56086,14,False,mobile edit; mobile app edit; android app edit
تیرتاوافن,33831969,33830783,5865475,3,بحث کاربر:تیرتاوافن,2021-12-30T07:58:06Z,/* مرور بر زیرنویس تصویر پرنسس‌های دیزنی */,7841,531,False,mobile edit; mobile web edit
تیرتاوافن,33831996,33828442,4058618,3,بحث کاربر:The Ocean,2021-12-30T08:02:58Z,/* تغییر نام برگزیده‌های پرنسس دیزنی */ بخش جدید,18176,489,False,mobile edit; mobile app edit; android app edit; discussiontools-added-comment
تیرتاوافن,33832059,33830838,4756399,0,آورورا (دیزنی),2021-12-30T08:14:28Z,,10420,-20,False,mobile edit; mobile web edit; visualeditor
تیرتاوافن,33832093,33831337,5874042,0,پرنسس دیزنی,2021-12-30T08:24:42Z,,63895,47,False,mobile edit; mobile web edit; visualeditor
تیرتاوافن,33832095,33832093,5874042,0,پرنسس دیزنی,2021-12-30T08:25:55Z,,63893,-2,False,mobile edit; mobile web edit; visualeditor
تیرتاوافن,33832096,33832095,5874042,0,پرنسس دیزنی,2021-12-30T08:26:41Z,,63928,35,False,mobile edit; mobile web edit; visualeditor
تیرتاوافن,33832104,33832096,5874042,0,پرنسس دیزنی,2021-12-30T08:28:46Z,,63926,-2,False,mobile edit; mobile web edit; visualeditor
تیرتاوافن,33832107,33832104,5874042,0,پرنسس دیزنی,2021-12-30T08:29:09Z,,63925,-1,False,mobile edit; mobile web edit; visualeditor
تیرتاوافن,33832148,33832107,5874042,0,پرنسس دیزنی,2021-12-30T08:43:53Z,,63936,11,False,mobile edit; mobile web edit; visualeditor
تیرتاوافن,33832158,33832148,5874042,0,پرنسس دیزنی,2021-12-30T08:47:33Z,,63911,-25,False,mobile edit; mobile web edit; visualeditor
تیرتاوافن,33832171,33832158,5874042,0,پرنسس دیزنی,2021-12-30T08:51:40Z,,63972,61,False,mobile edit; mobile web edit; visualeditor
تیرتاوافن,33832188,33779524,5880440,0,پری دریایی کوچولو (مجموعه تلویزیونی),2021-12-30T08:54:52Z,,8418,-2,False,mobile edit; mobile web edit; visualeditor
تیرتاوافن,33833705,33828204,4943877,0,نفرت‌انگیز (فیلم ۲۰۱۹),2021-12-30T12:54:59Z,,6085,14,False,mobile edit; mobile web edit; visualeditor
تیرتاوافن,33833710,33695630,2436915,0,هایا هاراریت,2021-12-30T12:57:12Z,/* top */,5016,8,False,mobile edit; mobile app edit; android app edit
تیرتاوافن,33840719,0,5886662,2,کاربر:جعبه کاربر/کاربر والت دیزنی و شرکت والت دیزنی,2021-12-31T11:41:25Z,"صفحه‌ای تازه حاوی « {|cellspacing=""0"" style=""border:solid #000 1px; width:240px; background:#AFEEEE; margin:1px"" |style=""width:45px;height:35px;background:#AFEEEE;text-align:center;font-size:0pt""| [[Image:Walt Disney 1946.JPG]]  |style=""font-size:8pt;padding:0pt;"" | این کاربر به [[شرکت والت دیزنی]] و [[والت دیزنی|آقای والت دیزنی]] علاقه دارد.  |} <noinclude> [[رده:الگو:کاربر]] رده:Us...» ایجاد کرد",459,459,False,mobile edit; mobile web edit
تیرتاوافن,33840730,33840719,5886662,2,کاربر:جعبه کاربر/کاربر والت دیزنی و شرکت والت دیزنی,2021-12-31T11:47:00Z,رده اشتباهی بود,409,-50,False,mobile edit; mobile web edit; همهٔ رده‌ها را حذف کرد
تیرتاوافن,33840746,0,5886664,2,کاربر:جعبه کاربر/مشارکت‌کننده در زمینه شرکت والت دیزنی و موضوعات مرتبط به آن,2021-12-31T11:54:48Z,"صفحه‌ای تازه حاوی « {|cellspacing=""0"" style=""border:solid #000 1px; width:240px; background:#AFEEEE; margin:1px"" |style=""width:45px;height:35px;background:#AFEEEE;text-align:center;font-size:0pt""| [[Image:Walt Disney Studios Alameda Entrance.jpg|]]  |style=""font-size:8pt;padding:0pt;"" | این کاربر بیشتر در زمینه [[شرکت والت دیزنی]] و موضوعات مرتبط به آن مشارکت دارد. |} <noinclude> </noinclude>» ایجاد کرد",476,476,False,mobile edit; mobile web edit; افزودن تگ‌های خالی
تیرتاوافن,33840753,33840746,5886664,2,کاربر:جعبه کاربر/مشارکت‌کننده در زمینه شرکت والت دیزنی و موضوعات مرتبط به آن,2021-12-31T11:56:40Z,,474,-2,False,mobile edit; mobile web edit
تیرتاوافن,33840762,31535638,174624,2,کاربر:جعبه کاربر/فارسی سره,2021-12-31T11:57:17Z,,459,-3,False,mobile edit; mobile web edit
تیرتاوافن,33840769,33840730,5886662,2,کاربر:جعبه کاربر/کاربر والت دیزنی و شرکت والت دیزنی,2021-12-31T11:58:19Z,,406,-3,False,mobile edit; mobile web edit
تیرتاوافن,33840801,0,5886673,2,کاربر:تیرتاوافن,2021-12-31T12:06:41Z,صفحه‌ای تازه حاوی «وضعیت: آنلاین! —————————— خوش‌آمدید —————————— سلام دوستان، اسم من نیلوفر هست و امیدوارم که ویرایش‌هایی که اینجا انجام می‌دهم مفید و خوب باشند و کسی را نرنجانم! {{امروز}} {{ساعت UTC}}  == شروع فعالیت == {{تاریخ مشارکت کاربر|سال=۲۰۲۱|ماه=...» ایجاد کرد,1042,1042,False,mobile edit; mobile web edit
تیرتاوافن,33840807,33840801,5886673,2,کاربر:تیرتاوافن,2021-12-31T12:08:09Z,,1011,-31,False,mobile edit; mobile web edit; visualeditor
تیرتاوافن,33840873,33840807,5886673,2,کاربر:تیرتاوافن,2021-12-31T12:22:23Z,,1030,19,False,mobile edit; mobile web edit
تیرتاوافن,33840877,0,5886681,2,کاربر:تیرتاوافن/وضعیت,2021-12-31T12:23:37Z,صفحه‌ای تازه حاوی «{{کاربر:تیرتاوافن/StatusTemplate|out}}» ایجاد کرد,52,52,False,wikieditor
تیرتاوافن,33840882,33840873,5886673,2,کاربر:تیرتاوافن,2021-12-31T12:24:42Z,,984,-46,False,wikieditor
تیرتاوافن,33840891,33840877,5886681,2,کاربر:تیرتاوافن/وضعیت,2021-12-31T12:27:04Z,صفحه را خالی کرد,0,-52,False,mobile edit; mobile web edit; mw-blank
تیرتاوافن,33840892,33781997,5865954,2,کاربر:تیرتاوافن/صفحه تمرین,2021-12-31T12:27:48Z,,4741,-784,False,mobile edit; mobile web edit
تیرتاوافن,33840894,33840892,5865954,2,کاربر:تیرتاوافن/صفحه تمرین,2021-12-31T12:27:58Z,,2106,-2635,False,mobile edit; mobile web edit
تیرتاوافن,33840895,33840894,5865954,2,کاربر:تیرتاوافن/صفحه تمرین,2021-12-31T12:28:07Z,,867,-1239,False,mobile edit; mobile web edit
تیرتاوافن,33840896,33840895,5865954,2,کاربر:تیرتاوافن/صفحه تمرین,2021-12-31T12:28:18Z,صفحه را خالی کرد,0,-867,False,mobile edit; mobile web edit; mw-blank
تیرتاوافن,33840901,33840882,5886673,2,کاربر:تیرتاوافن,2021-12-31T12:29:42Z,/* شروع فعالیت از */,989,5,False,mobile edit; mobile web edit
تیرتاوافن,33840912,29505541,305858,10,الگو:ساعت UTC,2021-12-31T12:32:31Z,,640,1,False,mobile edit; mobile web edit
تیرتاوافن,33840919,33840901,5886673,2,کاربر:تیرتاوافن,2021-12-31T12:34:22Z,,956,-33,False,mobile edit; mobile web edit
تیرتاوافن,33840920,33840919,5886673,2,کاربر:تیرتاوافن,2021-12-31T12:34:34Z,,903,-53,False,mobile edit; mobile web edit
تیرتاوافن,33840924,33840912,305858,10,الگو:ساعت UTC,2021-12-31T12:35:41Z,,655,15,False,mobile edit; mobile web edit
تیرتاوافن,33841148,33840924,305858,10,الگو:ساعت UTC,2021-12-31T13:34:56Z,,640,-15,False,mobile edit; mobile web edit; mw-manual-revert
تیرتاوافن,33841162,33840920,5886673,2,کاربر:تیرتاوافن,2021-12-31T13:39:09Z,,903,0,False,mobile edit; mobile web edit
تیرتاوافن,33841778,33841162,5886673,2,کاربر:تیرتاوافن,2021-12-31T15:53:21Z,,1101,198,False,mobile edit; mobile web edit
تیرتاوافن,33841804,9960193,115106,2,کاربر:جعبه کاربر/خوشحال و عاشق,2021-12-31T15:57:52Z,,491,-40,False,mobile edit; mobile web edit; mw-reverted
تیرتاوافن,33841807,33841804,115106,2,کاربر:جعبه کاربر/خوشحال و عاشق,2021-12-31T15:58:06Z,,478,-13,False,mobile edit; mobile web edit; mw-reverted
تیرتاوافن,33841839,33841778,5886673,2,کاربر:تیرتاوافن,2021-12-31T16:10:35Z,,1136,35,False,mobile edit; mobile web edit
تیرتاوافن,33848378,33834777,4058618,3,بحث کاربر:The Ocean,2022-01-01T16:24:30Z,/* سال نوی شما مبارک */ بخش جدید,19683,813,False,mobile edit; mobile app edit; android app edit; discussiontools-added-comment
تیرتاوافن,33851186,33850549,5887688,0,قلعه زیبای خفته,2022-01-02T03:44:20Z,/* top */,16563,-42,False,mobile edit; mobile app edit; android app edit
تیرتاوافن,33851198,33851186,5887688,0,قلعه زیبای خفته,2022-01-02T03:48:13Z,/* دیزنی‌لند */,16543,-20,False,mobile edit; mobile app edit; android app edit
تیرتاوافن,33851209,33851198,5887688,0,قلعه زیبای خفته,2022-01-02T03:55:26Z,/* دیزنی‌لند */,16541,-2,False,mobile edit; mobile app edit; android app edit
تیرتاوافن,33851219,33851209,5887688,0,قلعه زیبای خفته,2022-01-02T04:00:24Z,/* دیزنی‌لند */,16581,40,False,mobile edit; mobile app edit; android app edit
تیرتاوافن,33851960,33851558,5887772,4,ویکی‌پدیا:ویکی‌پروژه دیزنی/مشارکت‌کنندگان,2022-01-02T05:46:07Z,/* top */,710,107,False,mobile edit; mobile app edit; android app edit
تیرتاوافن,33852108,33851556,5865475,3,بحث کاربر:تیرتاوافن,2022-01-02T05:51:50Z,,10028,500,False,mobile edit; mobile app edit; android app edit; discussiontools-added-comment
تیرتاوافن,33852226,33841839,5886673,2,کاربر:تیرتاوافن,2022-01-02T05:56:36Z,/* top */,1167,31,False,mobile edit; mobile app edit; android app edit
تیرتاوافن,33852409,33761863,5874786,0,تیانا (دیزنی),2022-01-02T06:19:40Z,/* سریال تلویزیونی اسپین آف تیانا */,53738,4,False,visualeditor
تیرتاوافن,33852452,33852438,5865475,3,بحث کاربر:تیرتاوافن,2022-01-02T06:39:13Z,,11442,694,False,mobile edit; mobile app edit; android app edit; discussiontools-added-comment
تیرتاوافن,33852653,33852565,5865475,3,بحث کاربر:تیرتاوافن,2022-01-02T07:23:12Z,,13288,1528,False,mobile edit; mobile app edit; android app edit; discussiontools-added-comment
تیرتاوافن,33852665,33804647,243020,0,پری دریایی کوچولو (فیلم ۱۹۸۹),2022-01-02T07:28:02Z,/* top */,9520,4,False,mobile edit; mobile app edit; android app edit
تیرتاوافن,33852711,15466135,177395,3,بحث کاربر:Niknafs,2022-01-02T07:38:19Z,/* دعوت به مشارکت در ویکی‌پروژه دیزنی */ بخش جدید,34708,1131,False,mobile edit; mobile app edit; android app edit; discussiontools-added-comment
تیرتاوافن,33852773,30549122,1768617,3,بحث کاربر:Faramarz,2022-01-02T07:52:38Z,/* دعوت برای مشارکت در ویکی‌پروژه دیزنی */ بخش جدید,41224,1135,False,mobile edit; mobile app edit; android app edit; discussiontools-added-comment
تیرتاوافن,33852816,33213976,1747709,3,بحث کاربر:عارون,2022-01-02T08:01:12Z,/* دعوت برای مشارکت در ویکی‌پروژه دیزنی */ بخش جدید,171148,1135,False,mobile edit; mobile app edit; android app edit; discussiontools-added-comment
تیرتاوافن,33852824,33851948,5117362,3,بحث کاربر:Taddah,2022-01-02T08:02:50Z,/* دعوت برای مشارکت در ویکی‌پروژه دیزنی */ بخش جدید,42465,1135,False,mobile edit; mobile app edit; android app edit; discussiontools-added-comment
تیرتاوافن,33852829,33852783,5865475,3,بحث کاربر:تیرتاوافن,2022-01-02T08:03:52Z,,14854,270,False,mobile edit; mobile app edit; android app edit; discussiontools-added-comment
تیرتاوافن,33855684,33828416,5883570,0,علاءالدین (شخصیت دیزنی),2022-01-02T16:43:24Z,,23175,-68,False,wikieditor
تیرتاوافن,33855806,33732590,435522,0,علاءالدین (ابهام‌زدایی),2022-01-02T17:06:21Z,/* اشخاص */,1188,-51,False,mobile edit; mobile web edit
تیرتاوافن,33855965,0,5888437,0,جینی (دیزنی),2022-01-02T17:36:03Z,ایجاد شده به‌واسطهٔ ترجمهٔ صفحهٔ «[[:en:Special:Redirect/revision/1062971343|Genie (Disney)]]»,1833,1833,False,contenttranslation; contenttranslation-v2
تیرتاوافن,33855972,33855965,5888437,0,جینی (دیزنی),2022-01-02T17:37:18Z,,26467,24634,False,visualeditor-switched; جمع عربی واژگان فارسی; wikieditor
تیرتاوافن,33855992,33851588,5772274,2,کاربر:The Ocean,2022-01-02T17:41:22Z,/* صفحه جدید جینی (دیزنی) */ بخش جدید,3144,567,False,mobile edit; mobile app edit; android app edit
تیرتاوافن,33856401,33856150,5888437,0,جینی (دیزنی),2022-01-02T18:41:59Z,/* top */,26393,13,False,mobile edit; mobile app edit; android app edit
تیرتاوافن,33856422,33856401,5888437,0,جینی (دیزنی),2022-01-02T18:47:37Z,/* توسعه */,26377,-16,False,mobile edit; mobile app edit; android app edit
تیرتاوافن,33856431,33856422,5888437,0,جینی (دیزنی),2022-01-02T18:48:43Z,/* ظواهر */,26404,27,False,mobile edit; mobile app edit; android app edit
تیرتاوافن,33856438,33856431,5888437,0,جینی (دیزنی),2022-01-02T18:49:41Z,/* ظواهر */,26413,9,False,mobile edit; mobile app edit; android app edit
تیرتاوافن,33856457,33856438,5888437,0,جینی (دیزنی),2022-01-02T18:54:13Z,/* ظواهر */,26415,2,False,mobile edit; mobile app edit; android app edit
تیرتاوافن,33856507,33856457,5888437,0,جینی (دیزنی),2022-01-02T19:05:18Z,/* ظواهر */,26417,2,False,mobile edit; mobile app edit; android app edit
تیرتاوافن,33856517,33856507,5888437,0,جینی (دیزنی),2022-01-02T19:07:15Z,/* ظواهر */,26415,-2,False,mobile edit; mobile app edit; android app edit
تیرتاوافن,33856637,33855992,5772274,2,کاربر:The Ocean,2022-01-02T19:23:48Z,,2577,-567,False,mobile edit; mobile web edit; mw-manual-revert
تیرتاوافن,33856641,33852567,4058618,3,بحث کاربر:The Ocean,2022-01-02T19:24:09Z,/* صفحه جدید جینی (دیزنی) */ بخش جدید,22385,567,False,mobile edit; mobile web edit; discussiontools-added-comment
تیرتاوافن,33856669,33852581,5887841,4,ویکی‌پدیا:ویکی‌پروژه دیزنی/انجام‌شده,2022-01-02T19:29:29Z,/* ج */,4263,42,False,mobile edit; mobile web edit
تیرتاوافن,33856671,33856669,5887841,4,ویکی‌پدیا:ویکی‌پروژه دیزنی/انجام‌شده,2022-01-02T19:29:56Z,/* ج */,4291,28,False,mobile edit; mobile web edit
تیرتاوافن,33856694,33759073,5862858,3,بحث کاربر:پاندورا,2022-01-02T19:33:06Z,/* دعوت به مشارکت در ویکی‌پروژه دیزنی */ بخش جدید,8518,1130,False,mobile edit; mobile web edit; discussiontools-added-comment
تیرتاوافن,33856726,33853653,5887818,4,ویکی‌پدیا:ویکی‌پروژه دیزنی/برای‌انجام,2022-01-02T19:37:37Z,/* باید ایجاد شود */,4738,-2,False,mobile edit; mobile web edit
تیرتاوافن,33856732,33853645,5887935,4,ویکی‌پدیا:ویکی‌پروژه دیزنی/زیرپروژه‌ها,2022-01-02T19:38:31Z,/* پیوندهای سرخ مرتبط با پرنسس دیزنی */,5060,1,False,mobile edit; mobile web edit
تیرتاوافن,33856734,33856732,5887935,4,ویکی‌پدیا:ویکی‌پروژه دیزنی/زیرپروژه‌ها,2022-01-02T19:39:08Z,/* پیوندهای سرخ مرتبط با پرنسس دیزنی */,5060,0,False,mobile edit; mobile web edit
تیرتاوافن,33859335,0,5888843,0,فهرست فیلم‌های پویانمایی رایانه‌ای,2022-01-03T08:26:49Z,ایجاد شده به‌واسطهٔ ترجمهٔ صفحهٔ «[[:en:Special:Redirect/revision/1063135427|List of computer-animated films]]»,3267,3267,False,contenttranslation; contenttranslation-v2
تیرتاوافن,33859336,33859335,5888843,0,فهرست فیلم‌های پویانمایی رایانه‌ای,2022-01-03T08:27:30Z,/* همچنین ببینید */,3235,-32,False,mobile edit; mobile app edit; android app edit
تیرتاوافن,33859343,33859336,5888843,0,فهرست فیلم‌های پویانمایی رایانه‌ای,2022-01-03T08:28:46Z,/* همچنین ببینید */,3239,4,False,mobile edit; mobile app edit; android app edit
تیرتاوافن,33859419,33821135,5884196,0,پرنس چارمینگ,2022-01-03T08:42:55Z,,7251,-18,False,mobile edit; mobile web edit
تیرتاوافن,33859426,33859343,5888843,0,فهرست فیلم‌های پویانمایی رایانه‌ای,2022-01-03T08:44:05Z,/* top */,3255,16,False,mobile edit; mobile app edit; android app edit
تیرتاوافن,33859433,33859426,5888843,0,فهرست فیلم‌های پویانمایی رایانه‌ای,2022-01-03T08:45:32Z,/* منابع */,3296,41,False,wikieditor
تیرتاوافن,33859440,33859433,5888843,0,فهرست فیلم‌های پویانمایی رایانه‌ای,2022-01-03T08:46:09Z,/* همچنین ببینید */,3300,4,False,mobile edit; mobile app edit; android app edit
تیرتاوافن,33859469,33664439,5598156,3,بحث کاربر:Anaahitaa,2022-01-03T08:51:32Z,/* ویکی‌پروژه دیزنی */ بخش جدید,12796,663,False,mobile edit; mobile app edit; android app edit; discussiontools-added-comment
تیرتاوافن,33859481,33856726,5887818,4,ویکی‌پدیا:ویکی‌پروژه دیزنی/برای‌انجام,2022-01-03T08:53:39Z,/* باید ایجاد شود */,4627,-111,False,mobile edit; mobile web edit
تیرتاوافن,33859490,33856671,5887841,4,ویکی‌پدیا:ویکی‌پروژه دیزنی/انجام‌شده,2022-01-03T08:55:06Z,/* ف */,4407,116,False,mobile edit; mobile web edit
تیرتاوافن,33861721,33806873,5790733,3,بحث کاربر:Misterarian,2022-01-03T15:31:45Z,/* ویکی‌پروژه دیزنی */ بخش جدید,5248,539,False,mobile edit; mobile app edit; android app edit; discussiontools-added-comment
تیرتاوافن,33862108,23948591,521612,0,فیلم ماجراجویی,2022-01-03T16:41:22Z,/* منابع */,1244,24,False,mobile edit; mobile web edit
تیرتاوافن,33862111,33862108,521612,0,فیلم ماجراجویی,2022-01-03T16:41:42Z,/* منابع */,1222,-22,False,mobile edit; mobile web edit
تیرتاوافن,33862122,29314460,2606981,0,لیندا لارکین,2022-01-03T16:44:11Z,,3843,34,False,mobile edit; mobile web edit
تیرتاوافن,33862129,33819640,5876238,0,یاسمین (دیزنی),2022-01-03T16:46:51Z,,9181,-19,False,mobile edit; mobile web edit
تیرتاوافن,33862139,33862129,5876238,0,یاسمین (دیزنی),2022-01-03T16:49:21Z,,9163,-18,False,mobile edit; mobile web edit
تیرتاوافن,33862176,33862139,5876238,0,یاسمین (دیزنی),2022-01-03T16:54:55Z,,9116,-47,False,mobile edit; mobile web edit
تیرتاوافن,33862722,33855806,435522,0,علاءالدین (ابهام‌زدایی),2022-01-03T17:55:13Z,/* فیلم */,1530,342,False,mobile edit; mobile app edit; android app edit
تیرتاوافن,33863153,33862592,4058618,3,بحث کاربر:The Ocean,2022-01-03T18:34:59Z,,25513,406,False,mobile edit; mobile app edit; android app edit; discussiontools-added-comment
تیرتاوافن,33863219,33856517,5888437,0,جینی (دیزنی),2022-01-03T18:40:47Z,/* top */,26419,4,False,mobile edit; mobile app edit; android app edit
تیرتاوافن,33863258,33863219,5888437,0,جینی (دیزنی),2022-01-03T18:44:13Z,/* top */,26435,16,False,mobile edit; mobile app edit; android app edit
تیرتاوافن,33865527,33864773,5865475,3,بحث کاربر:تیرتاوافن,2022-01-04T05:38:39Z,,15609,297,False,mobile edit; mobile app edit; android app edit; discussiontools-added-comment
تیرتاوافن,33865557,33864770,5888843,0,فهرست فیلم‌های پویانمایی رایانه‌ای,2022-01-04T06:02:36Z,/* فیلم‌های اکران‌شده */,89072,0,False,mobile edit; mobile app edit; android app edit; mw-reverted
تیرتاوافن,33869798,33852226,5886673,2,کاربر:تیرتاوافن,2022-01-04T18:32:05Z,,1195,28,False,visualeditor
تیرتاوافن,33870261,33869798,5886673,2,کاربر:تیرتاوافن,2022-01-04T20:04:29Z,,1198,3,False,wikieditor
تیرتاوافن,33875833,33864698,4058618,3,بحث کاربر:The Ocean,2022-01-05T18:14:41Z,/* چه کنیم؟ */ بخش جدید,28835,1868,False,mobile edit; mobile app edit; android app edit; discussiontools-added-comment
تیرتاوافن,33875853,33875833,4058618,3,بحث کاربر:The Ocean,2022-01-05T18:17:17Z,,29189,354,False,mobile edit; mobile app edit; android app edit; discussiontools-added-comment
تیرتاوافن,33875869,33875853,4058618,3,بحث کاربر:The Ocean,2022-01-05T18:18:39Z,,29515,326,False,mobile edit; mobile app edit; android app edit; discussiontools-added-comment
تیرتاوافن,33895660,33885782,4058618,3,بحث کاربر:The Ocean,2022-01-08T19:34:10Z,,9149,2552,False,mobile edit; mobile app edit; android app edit; discussiontools-added-comment
تیرتاوافن,33895838,33876903,5887744,5,بحث ویکی‌پدیا:ویکی‌پروژه دیزنی,2022-01-08T20:11:35Z,/* راه‌اندازی پروژه */,2609,1181,False,mobile edit; mobile web edit
تیرتاوافن,33898173,33864626,5888437,0,جینی (دیزنی),2022-01-09T08:37:22Z,/* top */,27164,6,False,mobile edit; mobile app edit; android app edit
تیرتاوافن,33898248,33898173,5888437,0,جینی (دیزنی),2022-01-09T08:43:47Z,/* top */,27133,-31,False,mobile edit; mobile app edit; android app edit
تیرتاوافن,33898253,33898248,5888437,0,جینی (دیزنی),2022-01-09T08:44:22Z,/* top */,27134,1,False,mobile edit; mobile app edit; android app edit
تیرتاوافن,33898269,33898253,5888437,0,جینی (دیزنی),2022-01-09T08:46:10Z,/* top */,27137,3,False,mobile edit; mobile app edit; android app edit
تیرتاوافن,33898290,33898269,5888437,0,جینی (دیزنی),2022-01-09T08:50:15Z,/* top */,27299,162,False,mobile edit; متن دارای ویکی‌متن نامتناظر; mobile app edit; android app edit
تیرتاوافن,33898837,33613781,5861327,0,بی‌بی,2022-01-09T10:26:39Z,,5124,-2,False,mobile edit; mobile web edit; visualeditor
تیرتاوافن,33903887,33898290,5888437,0,جینی (دیزنی),2022-01-10T08:16:06Z,/* top */,27341,42,False,mobile edit; mobile app edit; android app edit
تیرتاوافن,33905725,0,5894276,0,جاناتان فریمن,2022-01-10T14:03:04Z,تیرتاوافن صفحهٔ [[جاناتان فریمن]] را به [[جاناتان فریمن (فیلم‌بردار)]] منتقل کرد: ترجمه عنوان مقاله در ویکی‌پدیا انگلیسی: Jonathan Freeman (cinematographer),90,90,False,mw-new-redirect
تیرتاوافن,33905724,28384935,5078863,0,جاناتان فریمن (فیلم‌بردار),2022-01-10T14:03:04Z,تیرتاوافن صفحهٔ [[جاناتان فریمن]] را به [[جاناتان فریمن (فیلم‌بردار)]] منتقل کرد: ترجمه عنوان مقاله در ویکی‌پدیا انگلیسی: Jonathan Freeman (cinematographer),2297,0,True,
تیرتاوافن,33911941,33869682,5747410,3,بحث کاربر:Ebrahim/بایگانی ۱۳,2022-01-11T11:05:54Z,/* درخواست اضافه کردن بخش جدید به الگوی یادکرد */ بخش جدید,14454,627,False,mobile edit; mobile app edit; android app edit; discussiontools-added-comment
تیرتاوافن,33916691,33705349,18049,0,فریده قطبی,2022-01-12T09:31:32Z,/* top */,14357,-12,False,mobile edit; mobile app edit; android app edit
تیرتاوافن,33921325,33876296,5844114,0,فهرست فیلم‌های بلند پویانمایی سینمایی دیزنی,2022-01-13T07:54:13Z,/* top */,68286,-22,False,mobile edit; mobile app edit; android app edit
تیرتاوافن,33934580,33932587,5830113,0,فیلم در ۲۰۲۲,2022-01-15T12:52:46Z,/* پانویس */,32977,-2,False,mobile edit; mobile app edit; android app edit
تیرتاوافن,33934828,9887807,634790,2,کاربر:جعبه کاربر/زرتشتی,2022-01-15T13:40:41Z,/* top */,404,-6,False,mobile edit; mobile app edit; android app edit
تیرتاوافن,33949246,33949213,5865475,3,بحث کاربر:تیرتاوافن,2022-01-17T19:32:21Z,,18145,669,False,mobile edit; mobile app edit; android app edit; discussiontools-added-comment
تیرتاوافن,33950933,33879340,5887818,4,ویکی‌پدیا:ویکی‌پروژه دیزنی/برای‌انجام,2022-01-18T07:12:29Z,/* باید ایجاد شود */,7154,-145,False,mobile edit; mobile web edit
تیرتاوافن,33950944,33864987,5887935,4,ویکی‌پدیا:ویکی‌پروژه دیزنی/زیرپروژه‌ها,2022-01-18T07:15:09Z,/* پیوندهای سرخ مرتبط با پرنسس دیزنی */,4904,-44,False,mobile edit; mobile web edit
تیرتاوافن,33950966,33879368,5887841,4,ویکی‌پدیا:ویکی‌پروژه دیزنی/انجام‌شده,2022-01-18T07:20:36Z,/* ج */,4954,95,False,mobile edit; mobile web edit
تیرتاوافن,33950968,33950966,5887841,4,ویکی‌پدیا:ویکی‌پروژه دیزنی/انجام‌شده,2022-01-18T07:21:39Z,/* ا */,4953,-1,False,mobile edit; mobile web edit
تیرتاوافن,33952361,33830946,2613390,0,بلو اسکای استودیو,2022-01-18T11:48:23Z,/* top */,6308,-65,False,mobile edit; mobile app edit; android app edit
تیرتاوافن,33952381,33952361,2613390,0,بلو اسکای استودیو,2022-01-18T11:52:03Z,/* انیمیشن‌ها */,6316,8,False,mobile edit; mobile app edit; android app edit
تیرتاوافن,33952388,33952381,2613390,0,بلو اسکای استودیو,2022-01-18T11:53:13Z,/* برخی از تولیدات استودیو */,5883,-433,False,mobile edit; mobile app edit; android app edit
تیرتاوافن,33952439,33853637,5873274,10,الگو:پرنسس دیزنی,2022-01-18T12:00:52Z,,6423,-1,False,mobile edit; mobile web edit
تیرتاوافن,33952571,33950933,5887818,4,ویکی‌پدیا:ویکی‌پروژه دیزنی/برای‌انجام,2022-01-18T12:13:16Z,/* باید ایجاد شود */,8299,1145,False,mobile edit; mobile web edit
تیرتاوافن,33952580,33952571,5887818,4,ویکی‌پدیا:ویکی‌پروژه دیزنی/برای‌انجام,2022-01-18T12:14:03Z,/* موارد دیگر */,8253,-46,False,mobile edit; mobile web edit
تیرتاوافن,33952814,33952258,4058618,3,بحث کاربر:The Ocean,2022-01-18T12:50:40Z,/* امتحانات من تمام شد! */ بخش جدید,4573,754,False,mobile edit; mobile app edit; android app edit; discussiontools-added-comment
تیرتاوافن,33952907,31322250,729744,0,نه پیرمرد دیزنی,2022-01-18T13:12:11Z,/* منابع */,9831,-84,False,mobile edit; mobile web edit
تیرتاوافن,33952935,33952907,729744,0,نه پیرمرد دیزنی,2022-01-18T13:17:42Z,/* منابع */,10020,189,False,visualeditor; افزودن پیوند بیرونی به جای ویکی‌پیوند
تیرتاوافن,33952937,33952935,729744,0,نه پیرمرد دیزنی,2022-01-18T13:18:36Z,/* پانویس */,10030,10,False,mobile edit; mobile app edit; android app edit
تیرتاوافن,33953012,33952880,4058618,3,بحث کاربر:The Ocean,2022-01-18T13:33:18Z,,6770,1288,False,mobile edit; mobile app edit; android app edit; discussiontools-added-comment
تیرتاوافن,33953540,33953247,4058618,3,بحث کاربر:The Ocean,2022-01-18T15:00:01Z,,9135,1293,False,mobile edit; mobile app edit; android app edit; discussiontools-added-comment
تیرتاوافن,33953814,33953796,4058618,3,بحث کاربر:The Ocean,2022-01-18T15:54:24Z,,10096,420,False,mobile edit; mobile app edit; android app edit; discussiontools-added-comment
تیرتاوافن,33954334,33505441,5024812,0,دختر آبی,2022-01-18T17:15:03Z,/* پانویس */,56736,-2,False,mobile edit; mobile app edit; android app edit
تیرتاوافن,33954944,33954045,4058618,3,بحث کاربر:The Ocean,2022-01-18T18:53:59Z,,12942,268,False,mobile edit; mobile app edit; android app edit; discussiontools-added-comment
تیرتاوافن,33955543,33954944,4058618,3,بحث کاربر:The Ocean,2022-01-18T19:48:21Z,,17760,4818,False,mobile edit; mobile app edit; android app edit; discussiontools-added-comment
تیرتاوافن,33957803,33956328,4058618,3,بحث کاربر:The Ocean,2022-01-19T06:51:38Z,,19321,744,False,mobile edit; mobile app edit; android app edit; discussiontools-added-comment
تیرتاوافن,33958643,33870261,5886673,2,کاربر:تیرتاوافن,2022-01-19T09:49:01Z,,1245,47,False,visualeditor
تیرتاوافن,33958725,33958643,5886673,2,کاربر:تیرتاوافن,2022-01-19T10:07:24Z,,1712,467,False,visualeditor-switched; wikieditor
تیرتاوافن,33958777,33958725,5886673,2,کاربر:تیرتاوافن,2022-01-19T10:15:50Z,,1720,8,False,wikieditor
تیرتاوافن,33958789,33958777,5886673,2,کاربر:تیرتاوافن,2022-01-19T10:16:55Z,,1283,-437,False,wikieditor
تیرتاوافن,33958792,33958789,5886673,2,کاربر:تیرتاوافن,2022-01-19T10:17:37Z,,1285,2,False,wikieditor
تیرتاوافن,33958802,33958792,5886673,2,کاربر:تیرتاوافن,2022-01-19T10:18:30Z,,1287,2,False,wikieditor
تیرتاوافن,33958817,33958802,5886673,2,کاربر:تیرتاوافن,2022-01-19T10:19:36Z,,1270,-17,False,wikieditor
تیرتاوافن,33959108,31535948,802975,2,کاربر:جعبه کاربر/ایران آریایی,2022-01-19T11:05:02Z,,576,-1,False,mobile edit; mobile web edit
تیرتاوافن,33959521,33958817,5886673,2,کاربر:تیرتاوافن,2022-01-19T12:04:08Z,,1556,286,False,mobile edit; mobile web edit
تیرتاوافن,33959711,32116125,143209,2,کاربر:جعبه کاربر/فرودسی,2022-01-19T12:32:53Z,,631,38,False,mobile edit; mobile web edit
تیرتاوافن,33959713,33959711,143209,2,کاربر:جعبه کاربر/فرودسی,2022-01-19T12:33:22Z,,644,13,False,mobile edit; mobile web edit
تیرتاوافن,33959741,33959713,143209,2,کاربر:جعبه کاربر/فرودسی,2022-01-19T12:36:46Z,,631,-13,False,mobile edit; mobile web edit; mw-manual-revert
تیرتاوافن,33959763,33959521,5886673,2,کاربر:تیرتاوافن,2022-01-19T12:38:51Z,,1549,-7,False,mobile edit; mobile web edit
تیرتاوافن,33960131,30755308,4359326,10,الگو:علی‌اکبر دهخدا,2022-01-19T13:21:19Z,,892,54,False,mobile edit; mobile web edit
تیرتاوافن,33960161,0,5900052,2,کاربر:جعبه کاربر/کاربر علی‌اکبر دهخدا,2022-01-19T13:24:07Z,"صفحه‌ای تازه حاوی «{|cellspacing=""0"" style=""border:solid #000 1px; width:240px; background:#AFEEEE; margin:1px"" |style=""width:45px;height:35px;background:#AFEEEE;text-align:center;font-size:0pt""| [[File:Tomb of Ferdowsi (WLM 2015).jpg|40px]] |style=""font-size:8pt;padding:0pt;"" | این کاربر به [[علی‌اکبر دهخدا]] علاقه‌مند است و اا |} <noinclude> [[رده:الگو:کاربر]] </noinclude>» ایجاد کرد",410,410,False,mobile edit; mobile web edit
تیرتاوافن,33960195,33960161,5900052,2,کاربر:جعبه کاربر/کاربر علی‌اکبر دهخدا,2022-01-19T13:27:47Z,,430,20,False,mobile edit; mobile web edit
تیرتاوافن,33960209,33960131,4359326,10,الگو:علی‌اکبر دهخدا,2022-01-19T13:29:15Z,,838,-54,False,mobile edit; mobile web edit; mw-manual-revert
تیرتاوافن,33960265,9959842,925362,2,کاربر:جعبه کاربر/نادرشاه,2022-01-19T13:35:37Z,/* top */,325,-2,False,mobile edit; mobile app edit; android app edit
تیرتاوافن,33960284,27202795,5053232,2,کاربر:جعبه کاربر/ جنگ ستارگان دیزنی,2022-01-19T13:37:38Z,,436,2,False,mobile edit; mobile web edit
تیرتاوافن,33960531,29711939,5349496,2,کاربر:جعبه کاربر/کاربر سوئیس,2022-01-19T14:00:52Z,/* top */,459,31,False,mobile edit; mobile app edit; android app edit
تیرتاوافن,33960628,31256253,4747604,2,کاربر:جعبه کاربر/مخالف جمهوری اسلامی ایران,2022-01-19T14:08:29Z,تیرتاوافن صفحهٔ [[کاربر:جعبه کاربر/مخالف جمهوری اسلامی]] را به [[کاربر:جعبه کاربر/مخالف جمهوری اسلامی ایران]] منتقل کرد: ممکن است با حکومت‌های دیگر مثلا جمهوری اسلامی افغانستان و جمهوری اسلامی پاکستان اشتباه گرفته شود.,627,0,True,
تیرتاوافن,33960631,0,5900072,3,بحث کاربر:جعبه کاربر/مخالف جمهوری اسلامی,2022-01-19T14:08:30Z,تیرتاوافن صفحهٔ [[بحث کاربر:جعبه کاربر/مخالف جمهوری اسلامی]] را به [[بحث کاربر:جعبه کاربر/مخالف جمهوری اسلامی ایران]] منتقل کرد: ممکن است با حکومت‌های دیگر مثلا جمهوری اسلامی افغانستان و جمهوری اسلامی پاکستان اشتباه گرفته شود.,126,126,False,mw-new-redirect
تیرتاوافن,33960630,25191348,4810840,3,بحث کاربر:جعبه کاربر/مخالف جمهوری اسلامی ایران,2022-01-19T14:08:30Z,تیرتاوافن صفحهٔ [[بحث کاربر:جعبه کاربر/مخالف جمهوری اسلامی]] را به [[بحث کاربر:جعبه کاربر/مخالف جمهوری اسلامی ایران]] منتقل کرد: ممکن است با حکومت‌های دیگر مثلا جمهوری اسلامی افغانستان و جمهوری اسلامی پاکستان اشتباه گرفته شود.,210,0,True,
تیرتاوافن,33960629,0,5900071,2,کاربر:جعبه کاربر/مخالف جمهوری اسلامی,2022-01-19T14:08:30Z,تیرتاوافن صفحهٔ [[کاربر:جعبه کاربر/مخالف جمهوری اسلامی]] را به [[کاربر:جعبه کاربر/مخالف جمهوری اسلامی ایران]] منتقل کرد: ممکن است با حکومت‌های دیگر مثلا جمهوری اسلامی افغانستان و جمهوری اسلامی پاکستان اشتباه گرفته شود.,119,119,False,mw-new-redirect
تیرتاوافن,33960796,16500299,3542443,2,کاربر:جعبه کاربر/شجریان,2022-01-19T14:20:37Z,/* top */,644,-9,False,mobile edit; mobile app edit; android app edit
تیرتاوافن,33960801,33960796,3542443,2,کاربر:جعبه کاربر/شجریان,2022-01-19T14:20:54Z,/* top */,642,-2,False,mobile edit; mobile app edit; android app edit
تیرتاوافن,33960967,19407638,3929742,10,الگو:متولد اسفند,2022-01-19T14:38:31Z,,110,35,False,mobile edit; mobile web edit
تیرتاوافن,33960980,33960195,5900052,2,کاربر:جعبه کاربر/کاربر علی‌اکبر دهخدا,2022-01-19T14:39:51Z,,465,35,False,mobile edit; mobile web edit
تیرتاوافن,33961014,33960980,5900052,2,کاربر:جعبه کاربر/کاربر علی‌اکبر دهخدا,2022-01-19T14:45:22Z,,430,-35,False,mobile edit; mobile web edit; mw-manual-revert
تیرتاوافن,33961040,30674899,4798758,2,کاربر:جعبه کاربر/مخالف روح‌الله خمینی,2022-01-19T14:49:53Z,/* top */,516,0,False,mobile edit; mobile app edit; android app edit
تیرتاوافن,33961049,33960628,4747604,2,کاربر:جعبه کاربر/مخالف جمهوری اسلامی ایران,2022-01-19T14:52:17Z,/* top */,592,-35,False,mobile edit; mobile app edit; android app edit
تیرتاوافن,33961096,33959763,5886673,2,کاربر:تیرتاوافن,2022-01-19T15:05:55Z,,4462,2913,False,mobile edit; mobile web edit
تیرتاوافن,33961286,33961096,5886673,2,کاربر:تیرتاوافن,2022-01-19T15:25:28Z,,4660,198,False,mobile edit; mobile web edit
تیرتاوافن,33961290,33959108,802975,2,کاربر:جعبه کاربر/ایران آریایی,2022-01-19T15:25:53Z,,571,-5,False,mobile edit; mobile web edit
تیرتاوافن,33961315,33961014,5900052,2,کاربر:جعبه کاربر/کاربر علی‌اکبر دهخدا,2022-01-19T15:28:18Z,,435,5,False,mobile edit; mobile web edit
تیرتاوافن,33961366,33961286,5886673,2,کاربر:تیرتاوافن,2022-01-19T15:36:36Z,,4656,-4,False,wikieditor
تیرتاوافن,33961712,33961366,5886673,2,کاربر:تیرتاوافن,2022-01-19T16:16:33Z,,5694,1038,False,mobile edit; mobile web edit
تیرتاوافن,33961866,33914101,10787,0,نادرشاه,2022-01-19T16:34:29Z,/* یادداشت */,318021,7,False,mobile edit; mobile app edit; android app edit
تیرتاوافن,33961912,33961712,5886673,2,کاربر:تیرتاوافن,2022-01-19T16:41:10Z,,5953,259,False,mobile edit; mobile web edit
تیرتاوافن,33962152,33961912,5886673,2,کاربر:تیرتاوافن,2022-01-19T17:18:04Z,,6861,908,False,mobile edit; mobile web edit
تیرتاوافن,33962159,33962152,5886673,2,کاربر:تیرتاوافن,2022-01-19T17:18:51Z,,6861,0,False,mobile edit; mobile web edit
تیرتاوافن,33962168,33962159,5886673,2,کاربر:تیرتاوافن,2022-01-19T17:19:39Z,,6861,0,False,mobile edit; mobile web edit
تیرتاوافن,33962191,33962168,5886673,2,کاربر:تیرتاوافن,2022-01-19T17:23:38Z,,6899,38,False,mobile edit; mobile web edit
تیرتاوافن,33962249,33962191,5886673,2,کاربر:تیرتاوافن,2022-01-19T17:33:17Z,,6903,4,False,mobile edit; mobile web edit
تیرتاوافن,33962266,33962249,5886673,2,کاربر:تیرتاوافن,2022-01-19T17:35:29Z,,6957,54,False,mobile edit; mobile web edit; visualeditor
تیرتاوافن,33962311,33962266,5886673,2,کاربر:تیرتاوافن,2022-01-19T17:42:30Z,,7127,170,False,visualeditor
تیرتاوافن,33962330,33962311,5886673,2,کاربر:تیرتاوافن,2022-01-19T17:46:42Z,,7146,19,False,visualeditor
تیرتاوافن,33963259,33962330,5886673,2,کاربر:تیرتاوافن,2022-01-19T19:55:43Z,/* الگوها */,7544,398,False,mobile edit; mobile web edit
تیرتاوافن,33963261,33963259,5886673,2,کاربر:تیرتاوافن,2022-01-19T19:56:04Z,/* ادبیات */,7545,1,False,mobile edit; mobile web edit
تیرتاوافن,33963264,33963261,5886673,2,کاربر:تیرتاوافن,2022-01-19T19:56:16Z,/* میهن */,7547,2,False,mobile edit; mobile web edit
تیرتاوافن,33963266,33963264,5886673,2,کاربر:تیرتاوافن,2022-01-19T19:56:41Z,,7546,-1,False,mobile edit; mobile web edit
تیرتاوافن,33963269,33963266,5886673,2,کاربر:تیرتاوافن,2022-01-19T19:57:02Z,/* ادبیات */,7546,0,False,mobile edit; mobile web edit
تیرتاوافن,33963315,33963269,5886673,2,کاربر:تیرتاوافن,2022-01-19T20:09:47Z,/* دین، مذهب، اعتقاد و آئین */,7547,1,False,mobile edit; mobile web edit
تیرتاوافن,33963317,33963315,5886673,2,کاربر:تیرتاوافن,2022-01-19T20:10:13Z,/* دین، مذهب، اعتقاد و آئین */,7547,0,False,mobile edit; mobile web edit
تیرتاوافن,33963437,33963317,5886673,2,کاربر:تیرتاوافن,2022-01-19T20:27:51Z,,7548,1,False,mobile edit; mobile web edit
تیرتاوافن,33963468,33963437,5886673,2,کاربر:تیرتاوافن,2022-01-19T20:34:13Z,,7552,4,False,mobile edit; mobile web edit
تیرتاوافن,33963537,33963468,5886673,2,کاربر:تیرتاوافن,2022-01-19T20:45:15Z,/* میهن */,7578,26,False,mobile edit; mobile web edit
تیرتاوافن,33963541,33963537,5886673,2,کاربر:تیرتاوافن,2022-01-19T20:45:36Z,/* میهن */,7609,31,False,mobile edit; mobile web edit
تیرتاوافن,33963557,33963541,5886673,2,کاربر:تیرتاوافن,2022-01-19T20:48:01Z,/* سیاست و حقوق بشر */,7673,64,False,mobile edit; mobile web edit
تیرتاوافن,33963567,33963557,5886673,2,کاربر:تیرتاوافن,2022-01-19T20:49:20Z,/* ادبیات */,7719,46,False,mobile edit; mobile web edit
تیرتاوافن,33963570,33963567,5886673,2,کاربر:تیرتاوافن,2022-01-19T20:49:39Z,/* سیاست و حقوق بشر */,7719,0,False,mobile edit; mobile web edit
تیرتاوافن,33963584,33963570,5886673,2,کاربر:تیرتاوافن,2022-01-19T20:51:19Z,/* سیاست و حقوق بشر */,7772,53,False,mobile edit; mobile web edit
تیرتاوافن,33963600,33963584,5886673,2,کاربر:تیرتاوافن,2022-01-19T20:53:39Z,/* تاریخ */,7891,119,False,mobile edit; mobile web edit
تیرتاوافن,33963605,29712802,4766967,10,الگو:کاربر:جعبه کاربر/تأییدشده پایدار,2022-01-19T20:54:17Z,,637,-9,False,mobile edit; mobile web edit
تیرتاوافن,33963619,33963600,5886673,2,کاربر:تیرتاوافن,2022-01-19T20:56:29Z,/* میهن */,7937,46,False,mobile edit; mobile web edit
تیرتاوافن,33963633,33963619,5886673,2,کاربر:تیرتاوافن,2022-01-19T21:00:05Z,/* تاریخ */,7929,-8,False,mobile edit; mobile web edit
تیرتاوافن,33963634,33963633,5886673,2,کاربر:تیرتاوافن,2022-01-19T21:00:30Z,/* میهن */,7983,54,False,mobile edit; mobile web edit
تیرتاوافن,33963636,33963634,5886673,2,کاربر:تیرتاوافن,2022-01-19T21:00:58Z,/* میهن */,7983,0,False,mobile edit; mobile web edit
تیرتاوافن,33963646,33963636,5886673,2,کاربر:تیرتاوافن,2022-01-19T21:04:54Z,/* میهن */,8017,34,False,mobile edit; mobile web edit
تیرتاوافن,33963660,33963646,5886673,2,کاربر:تیرتاوافن,2022-01-19T21:11:40Z,,8076,59,False,mobile edit; mobile web edit
تیرتاوافن,33963681,32682299,4975393,10,الگو:صفحه کاربری استاندارد چهارم,2022-01-19T21:15:57Z,,2468,64,False,mobile edit; mobile web edit
تیرتاوافن,33963686,33963681,4975393,10,الگو:صفحه کاربری استاندارد چهارم,2022-01-19T21:16:32Z,,2466,-2,False,mobile edit; mobile web edit
تیرتاوافن,33963731,33963686,4975393,10,الگو:صفحه کاربری استاندارد چهارم,2022-01-19T21:24:01Z,,2332,-134,False,mobile edit; mobile web edit
تیرتاوافن,33963732,33963660,5886673,2,کاربر:تیرتاوافن,2022-01-19T21:24:26Z,,8072,-4,False,mobile edit; mobile web edit
تیرتاوافن,33963737,33963732,5886673,2,کاربر:تیرتاوافن,2022-01-19T21:25:55Z,,7436,-636,False,mobile edit; mobile web edit
تیرتاوافن,33963739,33963737,5886673,2,کاربر:تیرتاوافن,2022-01-19T21:26:11Z,/* تاریخ */,8043,607,False,mobile edit; mobile web edit
تیرتاوافن,33963744,33963739,5886673,2,کاربر:تیرتاوافن,2022-01-19T21:26:40Z,/* تاریخ */,8044,1,False,mobile edit; mobile web edit
تیرتاوافن,33963757,33963744,5886673,2,کاربر:تیرتاوافن,2022-01-19T21:28:16Z,,8064,20,False,mobile edit; mobile web edit
تیرتاوافن,33963784,33963757,5886673,2,کاربر:تیرتاوافن,2022-01-19T21:32:38Z,,8342,278,False,mobile edit; mobile web edit
تیرتاوافن,33963790,33957803,4058618,3,بحث کاربر:The Ocean,2022-01-19T21:35:10Z,/* صفحه کاربری */ بخش جدید,19754,433,False,mobile edit; mobile app edit; android app edit; discussiontools-added-comment
تیرتاوافن,33963792,33963784,5886673,2,کاربر:تیرتاوافن,2022-01-19T21:36:21Z,,8335,-7,False,mobile edit; mobile web edit
تیرتاوافن,33963835,33963792,5886673,2,کاربر:تیرتاوافن,2022-01-19T21:46:35Z,/* موارد دیگر */,8495,160,False,mobile edit; mobile web edit
تیرتاوافن,33963853,33963835,5886673,2,کاربر:تیرتاوافن,2022-01-19T21:51:46Z,,8674,179,False,mobile edit; mobile web edit
تیرتاوافن,33963876,33963853,5886673,2,کاربر:تیرتاوافن,2022-01-19T21:54:31Z,,8689,15,False,mobile edit; mobile web edit; visualeditor
تیرتاوافن,33965814,32499818,3188659,0,آلکساندرا فئودوروفنا,2022-01-20T09:18:11Z,,4918,-54,False,mobile edit; mobile web edit
تیرتاوافن,33965818,33965814,3188659,0,آلکساندرا فئودوروفنا,2022-01-20T09:18:48Z,,4894,-24,False,mobile edit; mobile web edit
تیرتاوافن,33965919,33965818,3188659,0,آلکساندرا فئودوروفنا,2022-01-20T09:47:00Z,,4891,-3,False,mobile edit; mobile web edit; visualeditor
تیرتاوافن,33965991,33965919,3188659,0,آلکساندرا فئودوروفنا,2022-01-20T10:02:37Z,حذف بخش، دلیل: این اطلاعات همگی در جعبه اطلاعات هستند و در این بخش چیز دیگری نوشته نشده‌است.,4613,-278,False,mobile edit; mobile web edit; visualeditor
تیرتاوافن,33966029,33965991,3188659,0,آلکساندرا فئودوروفنا,2022-01-20T10:09:11Z,,4702,89,False,mobile edit; mobile web edit; visualeditor
تیرتاوافن,33966036,33966029,3188659,0,آلکساندرا فئودوروفنا,2022-01-20T10:10:09Z,حذف بخش، دلیل: تمامی این اطلاعات در مقدمه مقاله و جعبه اطلاعات هستند.,4482,-220,False,mobile edit; mobile web edit; visualeditor
تیرتاوافن,33966060,33966036,3188659,0,آلکساندرا فئودوروفنا,2022-01-20T10:12:34Z,,4503,21,False,mobile edit; mobile web edit; visualeditor
تیرتاوافن,33966079,33885864,38282,0,ملکه ویکتوریا,2022-01-20T10:14:58Z,,34576,2,False,mobile edit; mobile web edit; visualeditor
تیرتاوافن,33966175,33966079,38282,0,ملکه ویکتوریا,2022-01-20T10:21:58Z,,34614,38,False,mobile edit; mobile web edit; visualeditor
تیرتاوافن,33966569,33966411,147882,4,ویکی‌پدیا:تابلوی اعلانات مدیران,2022-01-20T11:38:28Z,/* درخواست گرفتن دسترسی ویکی‌بان از Luckie Luke */ بخش جدید,494541,2929,False,mobile edit; mobile web edit
تیرتاوافن,33966580,33958204,3646913,3,بحث کاربر:Luckie Luke,2022-01-20T11:43:24Z,/* شکایت از شما در وپ:تام */ بخش جدید,39707,322,False,mobile edit; mobile app edit; android app edit; discussiontools-added-comment
تیرتاوافن,33967050,33965979,5387994,3,بحث کاربر:LProfo,2022-01-20T13:33:32Z,/* تشکر و دعوت‌نامه */ بخش جدید,20948,1084,False,mobile edit; mobile app edit; android app edit; discussiontools-added-comment
تیرتاوافن,33967068,33966956,2611142,4,ویکی‌پدیا:زبان و زبان‌شناسی,2022-01-20T13:36:28Z,/* Ursula (The Little Mermaid) */,19676,87,False,mobile edit; mobile app edit; android app edit
تیرتاوافن,33967373,33967165,5387994,3,بحث کاربر:LProfo,2022-01-20T14:21:54Z,,22785,903,False,mobile edit; mobile app edit; android app edit; discussiontools-added-comment
تیرتاوافن,33967400,33966467,4058618,3,بحث کاربر:The Ocean,2022-01-20T14:24:51Z,,20670,373,False,mobile edit; mobile app edit; android app edit; discussiontools-added-comment
تیرتاوافن,33967412,33967400,4058618,3,بحث کاربر:The Ocean,2022-01-20T14:26:26Z,,21172,502,False,mobile edit; mobile app edit; android app edit; discussiontools-added-comment
تیرتاوافن,33968568,33968267,5387994,3,بحث کاربر:LProfo,2022-01-20T16:58:26Z,,24637,950,False,mobile edit; mobile app edit; android app edit; discussiontools-added-comment
تیرتاوافن,33968593,33967509,5900717,0,قلعه سیندرلا,2022-01-20T17:08:27Z,/* منابع */,11093,27,False,mobile edit; mobile app edit; android app edit
تیرتاوافن,33968595,33968593,5900717,0,قلعه سیندرلا,2022-01-20T17:08:46Z,/* منابع */,11093,0,False,mobile edit; mobile app edit; android app edit
تیرتاوافن,33968598,33968595,5900717,0,قلعه سیندرلا,2022-01-20T17:09:04Z,/* منابع */,11093,0,False,mobile edit; mobile app edit; android app edit
تیرتاوافن,33968657,33807760,5881683,0,عرفان حسین یزدی,2022-01-20T17:15:11Z,,5088,-45,False,mobile edit; mobile web edit; visualeditor
تیرتاوافن,33968732,33911271,5881713,4,ویکی‌پدیا:نظرخواهی برای حذف/عرفان حسین یزدی,2022-01-20T17:28:30Z,/* عرفان حسین یزدی */,2308,555,False,mobile edit; mobile web edit; مشارکت در نبح
تیرتاوافن,33968934,33968836,5387994,3,بحث کاربر:LProfo,2022-01-20T17:49:33Z,,25459,281,False,mobile edit; mobile app edit; android app edit; discussiontools-added-comment
تیرتاوافن,33972465,33967412,4058618,3,بحث کاربر:The Ocean,2022-01-20T21:34:09Z,/* پایان */ بخش جدید,22003,831,False,mobile edit; mobile app edit; android app edit; discussiontools-added-comment
تیرتاوافن,33974728,33973234,2611142,4,ویکی‌پدیا:زبان و زبان‌شناسی,2022-01-21T07:56:07Z,/* Ursula (The Little Mermaid) */,22746,1323,False,mobile edit; mobile app edit; android app edit; discussiontools-added-comment
تیرتاوافن,33974868,33972935,4058618,3,بحث کاربر:The Ocean,2022-01-21T08:05:13Z,,25624,1151,False,mobile edit; mobile app edit; android app edit; discussiontools-added-comment
تیرتاوافن,33974925,33972953,5865475,3,بحث کاربر:تیرتاوافن,2022-01-21T08:08:33Z,,19246,297,False,mobile edit; mobile app edit; android app edit; discussiontools-added-comment
تیرتاوافن,33975908,33963876,5886673,2,کاربر:تیرتاوافن,2022-01-21T09:22:16Z,,8703,14,False,mobile edit; mobile web edit
تیرتاوافن,33975909,0,5904136,2,کاربر:تیرتاوافن/صفحه کاربری کاربر:تیرتاوافن,2022-01-21T09:22:31Z,"صفحه‌ای تازه حاوی «<div style=""text-align: center; padding: 1em; border: 0.5px solid #40E0D0; border-radius: 50px;""> {| style=""margin: 0.9em auto; text-align: center; background-color: transparent;"" |- <!-- بحث کاربر --> | [[file:Wikibooks-comment-icon.svg|link=بحث کاربر:تیرتاوافن|50px]] | <!-- مشارکت‌ها --> | [[file:Circle-icons-water.svg|link=ویژه:مشارکت‌ها/تیرتاوافن|50px]] | <!-- نامه --> |...» ایجاد کرد",1986,1986,False,mobile edit; mobile web edit
تیرتاوافن,33975912,33975908,5886673,2,کاربر:تیرتاوافن,2022-01-21T09:23:35Z,,8693,-10,False,mobile edit; mobile web edit
تیرتاوافن,33975914,33975912,5886673,2,کاربر:تیرتاوافن,2022-01-21T09:24:10Z,,8695,2,False,mobile edit; mobile web edit; visualeditor
تیرتاوافن,33975920,33975914,5886673,2,کاربر:تیرتاوافن,2022-01-21T09:24:45Z,,5395,-3300,False,mobile edit; mobile web edit
تیرتاوافن,33975930,33975909,5904136,2,کاربر:تیرتاوافن/صفحه کاربری کاربر:تیرتاوافن,2022-01-21T09:27:07Z,,2022,36,False,mobile edit; mobile web edit
تیرتاوافن,33975931,33975920,5886673,2,کاربر:تیرتاوافن,2022-01-21T09:27:32Z,,5358,-37,False,mobile edit; mobile web edit
تیرتاوافن,33975934,33975931,5886673,2,کاربر:تیرتاوافن,2022-01-21T09:28:03Z,,8658,3300,False,mobile edit; mobile web edit
تیرتاوافن,33975937,33975934,5886673,2,کاربر:تیرتاوافن,2022-01-21T09:28:44Z,,8645,-13,False,mobile edit; mobile web edit
تیرتاوافن,33975942,33975937,5886673,2,کاربر:تیرتاوافن,2022-01-21T09:29:58Z,,7413,-1232,False,mobile edit; mobile web edit
تیرتاوافن,33975951,33975942,5886673,2,کاربر:تیرتاوافن,2022-01-21T09:34:05Z,,7413,0,False,mobile edit; mobile web edit
تیرتاوافن,33975980,33975951,5886673,2,کاربر:تیرتاوافن,2022-01-21T09:39:49Z,,7592,179,False,mobile edit; mobile web edit
تیرتاوافن,33976200,26127104,251212,0,ویکی‌پدیای ایتالیایی,2022-01-21T10:18:02Z,,4537,-4,False,mobile edit; mobile web edit
تیرتاوافن,33976246,33975980,5886673,2,کاربر:تیرتاوافن,2022-01-21T10:22:46Z,,7630,38,False,mobile edit; mobile web edit
تیرتاوافن,33976339,33922188,1108353,0,کوروش بزرگ,2022-01-21T10:33:13Z,/* کودکی و نوجوانی */,193321,-20,False,mobile edit; mobile web edit
تیرتاوافن,33977786,33977068,4058618,3,بحث کاربر:The Ocean,2022-01-21T14:48:46Z,,31529,3108,False,mobile edit; mobile app edit; android app edit; discussiontools-added-comment
تیرتاوافن,33978015,33976246,5886673,2,کاربر:تیرتاوافن,2022-01-21T15:28:34Z,,7878,248,False,mobile edit; mobile web edit
تیرتاوافن,33978037,33978015,5886673,2,کاربر:تیرتاوافن,2022-01-21T15:31:32Z,/* موارد دیگر */,7876,-2,False,mobile edit; mobile web edit
تیرتاوافن,33978381,33978037,5886673,2,کاربر:تیرتاوافن,2022-01-21T16:17:56Z,,8329,453,False,mobile edit; mobile web edit
تیرتاوافن,33978518,33978381,5886673,2,کاربر:تیرتاوافن,2022-01-21T16:44:16Z,,8413,84,False,mobile edit; mobile web edit
تیرتاوافن,33978628,33978518,5886673,2,کاربر:تیرتاوافن,2022-01-21T17:19:02Z,/* الگوهای کاربری */,9622,1209,False,mobile edit; mobile web edit
تیرتاوافن,33978644,33978628,5886673,2,کاربر:تیرتاوافن,2022-01-21T17:23:02Z,,9937,315,False,mobile edit; mobile web edit
تیرتاوافن,33978649,33978644,5886673,2,کاربر:تیرتاوافن,2022-01-21T17:23:57Z,/* آمار */,9936,-1,False,mobile edit; mobile web edit
تیرتاوافن,33978815,33978649,5886673,2,کاربر:تیرتاوافن,2022-01-21T17:53:51Z,/* میهن */,9967,31,False,mobile edit; mobile web edit
تیرتاوافن,33979028,33977786,4058618,3,بحث کاربر:The Ocean,2022-01-21T18:17:44Z,/* کمک */ بخش جدید,31974,445,False,mobile edit; mobile app edit; android app edit; discussiontools-added-comment
تیرتاوافن,33979746,33714426,90225,0,امپراتوری,2022-01-21T19:26:31Z,/* رشد و حفظ قدرت‌ها */,8734,-2,False,mobile edit; mobile app edit; android app edit
تیرتاوافن,33979782,33979746,90225,0,امپراتوری,2022-01-21T19:28:59Z,/* رشد و حفظ قدرت‌ها */,8733,-1,False,mobile edit; mobile app edit; android app edit
تیرتاوافن,33979791,33979782,90225,0,امپراتوری,2022-01-21T19:29:33Z,/* رشد و حفظ قدرت‌ها */,8729,-4,False,mobile edit; mobile app edit; android app edit
تیرتاوافن,33979798,33979791,90225,0,امپراتوری,2022-01-21T19:30:19Z,/* رشد و حفظ قدرت‌ها */,8725,-4,False,mobile edit; mobile app edit; android app edit
تیرتاوافن,33979865,33729660,643230,0,خاندان هابسبورگ,2022-01-21T19:37:08Z,/* top */,4814,3,False,mobile edit; mobile app edit; android app edit
تیرتاوافن,33980816,33974925,5865475,3,بحث کاربر:تیرتاوافن,2022-01-21T23:33:35Z,/* این نشان برای شما! */,19270,24,False,mobile edit; mobile web edit
تیرتاوافن,33983292,33927115,5838168,0,فهرست جانداران دورگه در فولکلور,2022-01-22T10:58:30Z,/* top */,42611,-64,False,mobile edit; mobile app edit; android app edit
تیرتاوافن,33983398,33413496,5835297,0,روتی تامپسون,2022-01-22T11:02:23Z,/* top */,8079,-31,False,mobile edit; mobile app edit; android app edit
تیرتاوافن,33983523,33983398,5835297,0,روتی تامپسون,2022-01-22T11:11:24Z,/* top */,8054,-25,False,mobile edit; mobile app edit; android app edit
تیرتاوافن,33983564,33983523,5835297,0,روتی تامپسون,2022-01-22T11:16:54Z,/* زندگی‌نامه */,8084,30,False,mobile edit; mobile app edit; android app edit
تیرتاوافن,33983850,33983847,4058618,3,بحث کاربر:The Ocean,2022-01-22T12:25:15Z,/* Luckie Luke */ بخش جدید,1553,588,False,mobile edit; mobile app edit; android app edit; discussiontools-added-comment
تیرتاوافن,33983993,33983886,4058618,3,بحث کاربر:The Ocean,2022-01-22T12:50:28Z,,2677,660,False,mobile edit; mobile app edit; android app edit; discussiontools-added-comment
تیرتاوافن,33988128,33840896,5865954,2,کاربر:تیرتاوافن/صفحه تمرین,2022-01-22T22:55:09Z,,2469,2469,False,wikieditor
تیرتاوافن,33989578,33989310,147882,4,ویکی‌پدیا:تابلوی اعلانات مدیران,2022-01-23T07:04:47Z,/* درخواست گرفتن دسترسی ویکی‌بان از Luckie Luke */,532521,219,False,mobile edit; mobile app edit; android app edit; discussiontools-added-comment
تیرتاوافن,33990044,33987555,301540,0,سید روح‌الله خمینی,2022-01-23T08:07:35Z,,260265,94,False,mobile edit; mobile web edit; متن دارای ویکی‌متن نامتناظر; visualeditor; mw-reverted
تیرتاوافن,33990058,31481366,1802248,6,پرونده:Shenasnameh-khomeini.jpg,2022-01-23T08:16:26Z,,550,7,False,wikieditor
تیرتاوافن,33990060,33990058,1802248,6,پرونده:Shenasnameh-khomeini.jpg,2022-01-23T08:16:59Z,,507,-43,False,wikieditor
تیرتاوافن,33990104,33905347,4593671,10,الگو:سالشمار زندگی روح‌الله خمینی,2022-01-23T08:29:51Z,,6188,211,False,mobile edit; mobile web edit
تیرتاوافن,33990107,33990104,4593671,10,الگو:سالشمار زندگی روح‌الله خمینی,2022-01-23T08:30:30Z,,6205,17,False,mobile edit; mobile web edit
تیرتاوافن,33990134,33990044,301540,0,سید روح‌الله خمینی,2022-01-23T08:35:50Z,/* اعدام گروهی زندانیان عقیدتی-سیاسی ۱۳۶۷ */,260264,-1,False,mobile edit; mobile web edit; متن دارای ویکی‌متن نامتناظر; mw-reverted
تیرتاوافن,33990140,33990134,301540,0,سید روح‌الله خمینی,2022-01-23T08:39:00Z,/* فتوای قتل سلمان رشدی */,260246,-18,False,mobile edit; mobile web edit; mw-reverted
تیرتاوافن,33990145,33990140,301540,0,سید روح‌الله خمینی,2022-01-23T08:40:09Z,/* دیدگاه‌ها دربارهٔ خمینی */,260245,-1,False,mobile edit; mobile web edit; mw-reverted
تیرتاوافن,33990304,33809424,33589,0,زن,2022-01-23T09:18:03Z,/* top */,177670,21,False,mobile edit; متن دارای ویکی‌متن نامتناظر; mobile app edit; android app edit
تیرتاوافن,33990308,33990304,33589,0,زن,2022-01-23T09:18:40Z,/* top */,177673,3,False,mobile edit; متن دارای ویکی‌متن نامتناظر; mobile app edit; android app edit
تیرتاوافن,33990351,33990308,33589,0,زن,2022-01-23T09:25:07Z,/* بلوغ */,177804,131,False,mobile edit; mobile app edit; android app edit
تیرتاوافن,33990373,33990351,33589,0,زن,2022-01-23T09:30:03Z,/* پوشش */,177920,116,False,mobile edit; mobile app edit; android app edit
تیرتاوافن,33990508,33990373,33589,0,زن,2022-01-23T09:53:10Z,/* پوشش */,177925,5,False,mobile edit; mobile app edit; android app edit
تیرتاوافن,33991225,33985651,403605,0,تویوتومی هیده‌یوشی,2022-01-23T12:23:03Z,,143722,35,False,visualeditor
تیرتاوافن,33991229,33991225,403605,0,تویوتومی هیده‌یوشی,2022-01-23T12:24:01Z,,143723,1,False,visualeditor
تیرتاوافن,33992484,33916165,150683,0,فرزاد حسنی,2022-01-23T16:51:44Z,,15217,8,False,mobile edit; mobile web edit
تیرتاوافن,33995440,33613973,3431056,0,ازدواج مجدد,2022-01-24T08:05:57Z,/* ازدواج مجدد پس از طلاق یا جدایی */ پارسی‌سازی,2222,2,False,mobile edit; mobile app edit; android app edit
تیرتاوافن,33995444,26637908,3525538,0,افرادی که دوباره با همسر سابقشان ازدواج کرده‌اند,2022-01-24T08:07:35Z,/* top */,13405,2,False,mobile edit; mobile app edit; android app edit
تیرتاوافن,34002949,33967359,5887841,4,ویکی‌پدیا:ویکی‌پروژه دیزنی/انجام‌شده,2022-01-25T16:10:10Z,/* ف */,5275,90,False,wikieditor
تیرتاوافن,34003381,33956900,5874075,0,ریچل زگلر,2022-01-25T17:38:20Z,/* top */,25413,-383,False,mobile edit; mobile app edit; android app edit
تیرتاوافن,34003398,34003381,5874075,0,ریچل زگلر,2022-01-25T17:43:56Z,/* top */,25376,-37,False,mobile edit; mobile app edit; android app edit
تیرتاوافن,34003956,34003371,4058618,3,بحث کاربر:The Ocean,2022-01-25T18:59:24Z,/* مقاله جدید */ بخش جدید,9748,583,False,mobile edit; mobile app edit; android app edit; discussiontools-added-comment
تیرتاوافن,34004034,33010952,3432549,0,باربی (فرنچایز رسانه‌ای),2022-01-25T19:18:32Z,/* top */,2184,-104,False,mobile edit; mobile app edit; android app edit
تیرتاوافن,34004041,34004034,3432549,0,باربی (فرنچایز رسانه‌ای),2022-01-25T19:19:17Z,/* جستارهای وابسته */,2162,-22,False,mobile edit; mobile app edit; android app edit
تیرتاوافن,34004054,34004041,3432549,0,باربی (فرنچایز رسانه‌ای),2022-01-25T19:21:03Z,/* منابع */,1844,-318,False,mobile edit; mobile app edit; android app edit
تیرتاوافن,34004079,34004054,3432549,0,باربی (فرنچایز رسانه‌ای),2022-01-25T19:24:35Z,/* منابع */,2027,183,False,mobile edit; mobile app edit; android app edit; افزودن پیوند بیرونی به جای ویکی‌پیوند
تیرتاوافن,34004119,13744840,1514079,0,باربی (ابهام‌زدایی),2022-01-25T19:29:56Z,/* top */,391,89,False,mobile edit; mobile app edit; android app edit
تیرتاوافن,34004395,34004079,3432549,0,باربی (فرنچایز رسانه‌ای),2022-01-25T20:20:48Z,,1923,-104,False,mobile edit; mobile web edit
تیرتاوافن,34004400,34004395,3432549,0,باربی (فرنچایز رسانه‌ای),2022-01-25T20:21:17Z,/* منابع */,1944,21,False,mobile edit; mobile web edit
تیرتاوافن,34004411,34004400,3432549,0,باربی (فرنچایز رسانه‌ای),2022-01-25T20:23:23Z,,1996,52,False,mobile edit; mobile web edit; متن دارای ویکی‌متن نامتناظر; visualeditor
تیرتاوافن,34004692,34004411,3432549,0,باربی (فرنچایز رسانه‌ای),2022-01-25T21:05:53Z,,2856,860,False,mobile edit; mobile web edit; متن دارای ویکی‌متن نامتناظر; visualeditor; disambiguator-link-added
تیرتاوافن,34004698,34004692,3432549,0,باربی (فرنچایز رسانه‌ای),2022-01-25T21:07:14Z,,2894,38,False,mobile edit; mobile web edit
تیرتاوافن,34006295,32745837,5400729,0,اصلاح‌طلب، اصول‌گرا دیگه تمومه ماجرا,2022-01-26T07:14:37Z,/* جستارهای وابسته */,9866,-30,False,mobile edit; mobile web edit
تیرتاوافن,34006468,33358152,716608,0,ساختمان پزشکان,2022-01-26T08:02:34Z,,15875,258,False,mobile edit; mobile web edit; visualeditor
تیرتاوافن,34006738,33952544,5887725,4,ویکی‌پدیا:ویکی‌پروژه دیزنی,2022-01-26T08:46:43Z,,7081,27,False,mobile edit; mobile web edit
تیرتاوافن,34006767,0,5908744,4,ویکی‌پدیا:وپد,2022-01-26T08:50:14Z,تغییرمسیر به [[ویکی‌پدیا:ویکی‌پروژه دیزنی]],76,76,False,mobile edit; mobile web edit; mw-new-redirect
تیرتاوافن,34006879,14864393,3272990,0,پاندورا (ابهام‌زدایی),2022-01-26T09:01:11Z,,505,90,False,mobile edit; mobile web edit; visualeditor
تیرتاوافن,34006884,34006879,3272990,0,پاندورا (ابهام‌زدایی),2022-01-26T09:01:44Z,/* جستارهای وابسته */,560,55,False,mobile edit; mobile web edit; disambiguator-link-added
تیرتاوافن,34006886,18293227,3765831,0,جعبه پاندورا (ابهام‌زدایی),2022-01-26T09:02:00Z,/* جستارهای وابسته */,660,-2,False,mobile edit; mobile web edit; mw-reverted
تیرتاوافن,34006890,34006886,3765831,0,جعبه پاندورا (ابهام‌زدایی),2022-01-26T09:02:17Z,,664,4,False,mobile edit; mobile web edit; mw-reverted
تیرتاوافن,34013688,33191221,4850007,0,دختران لوط,2022-01-27T10:24:26Z,,5161,213,False,visualeditor
تیرتاوافن,34015405,33979598,5886673,2,کاربر:تیرتاوافن,2022-01-27T16:30:24Z,,10139,171,False,mobile edit; mobile web edit
تیرتاوافن,34016951,34010877,4058618,3,بحث کاربر:The Ocean,2022-01-27T21:13:46Z,/* تولدم است... */ بخش جدید,10055,358,False,mobile edit; mobile app edit; android app edit; discussiontools-added-comment
تیرتاوافن,34016954,34015405,5886673,2,کاربر:تیرتاوافن,2022-01-27T21:15:07Z,,10156,17,False,mobile edit; mobile web edit
تیرتاوافن,34016958,9960716,320684,2,کاربر:جعبه کاربر/سن ۱۸,2022-01-27T21:17:02Z,,440,4,False,mobile edit; mobile web edit
تیرتاوافن,34016961,34016954,5886673,2,کاربر:تیرتاوافن,2022-01-27T21:18:05Z,/* آمار */,10201,45,False,mobile edit; mobile web edit
تیرتاوافن,34016965,34016961,5886673,2,کاربر:تیرتاوافن,2022-01-27T21:18:47Z,/* موارد دیگر */,10157,-44,False,mobile edit; mobile web edit
تیرتاوافن,34016968,34016965,5886673,2,کاربر:تیرتاوافن,2022-01-27T21:19:33Z,/* آمار */,10201,44,False,mobile edit; mobile web edit
تیرتاوافن,34016973,34016968,5886673,2,کاربر:تیرتاوافن,2022-01-27T21:20:17Z,/* آمار */,9106,-1095,False,mobile edit; mobile web edit
تیرتاوافن,34016977,34016973,5886673,2,کاربر:تیرتاوافن,2022-01-27T21:21:03Z,/* آمار */,9169,63,False,mobile edit; mobile web edit
تیرتاوافن,34016985,34016977,5886673,2,کاربر:تیرتاوافن,2022-01-27T21:23:09Z,/* آمار */,9169,0,False,mobile edit; mobile web edit
تیرتاوافن,34016988,34016985,5886673,2,کاربر:تیرتاوافن,2022-01-27T21:24:00Z,/* آمار */,9169,0,False,mobile edit; mobile web edit
تیرتاوافن,34017001,33245540,936410,10,الگو:سرخط/توضیحات,2022-01-27T21:28:32Z,,2123,3,False,wikieditor
تیرتاوافن,34017003,34017001,936410,10,الگو:سرخط/توضیحات,2022-01-27T21:29:10Z,,2123,0,False,wikieditor
تیرتاوافن,34017007,34017003,936410,10,الگو:سرخط/توضیحات,2022-01-27T21:29:42Z,,2123,0,False,wikieditor
تیرتاوافن,34017012,0,5910040,10,الگو:خ,2022-01-27T21:30:47Z,تغییرمسیر به [[الگو:سرخط]],41,41,False,mw-new-redirect; wikieditor
تیرتاوافن,34017029,33988128,5865954,2,کاربر:تیرتاوافن/صفحه تمرین,2022-01-27T21:33:28Z,/* top */,1030,-1439,False,mobile edit; mobile app edit; android app edit
تیرتاوافن,34017083,33967039,5887744,5,بحث ویکی‌پدیا:ویکی‌پروژه دیزنی,2022-01-27T21:51:23Z,/* درود بر دو کاربر جدید پروژه */ بخش جدید,6036,597,False,mobile edit; mobile web edit; discussiontools-added-comment
تیرتاوافن,34021430,34021410,5887744,5,بحث ویکی‌پدیا:ویکی‌پروژه دیزنی,2022-01-28T16:42:53Z,/* درود بر دو کاربر جدید پروژه */,7996,861,False,mobile edit; mobile web edit; discussiontools-added-comment
تیرتاوافن,34021443,34016988,5886673,2,کاربر:تیرتاوافن,2022-01-28T16:46:54Z,,8983,-186,False,mobile edit; mobile web edit
تیرتاوافن,34021460,34021442,5887744,5,بحث ویکی‌پدیا:ویکی‌پروژه دیزنی,2022-01-28T16:50:33Z,/* درود بر دو کاربر جدید پروژه */,9025,277,False,discussiontools-added-comment; wikieditor
تیرتاوافن,34021464,34021460,5887744,5,بحث ویکی‌پدیا:ویکی‌پروژه دیزنی,2022-01-28T16:51:25Z,/* درود بر دو کاربر جدید پروژه */,9027,2,False,wikieditor
تیرتاوافن,34021756,34013688,4850007,0,دختران لوط,2022-01-28T18:00:48Z,,4960,-201,False,mobile edit; mobile web edit
تیرتاوافن,34021763,34021756,4850007,0,دختران لوط,2022-01-28T18:01:38Z,/* پیوند به بیرون */,5186,226,False,mobile edit; mobile web edit
تیرتاوافن,34021767,34021763,4850007,0,دختران لوط,2022-01-28T18:02:02Z,,4960,-226,False,mobile edit; mobile web edit; mw-manual-revert
تیرتاوافن,34021770,34021767,4850007,0,دختران لوط,2022-01-28T18:02:25Z,/* نگارخانه */,5187,227,False,mobile edit; mobile web edit
تیرتاوافن,34021805,34021770,4850007,0,دختران لوط,2022-01-28T18:08:51Z,,5183,-4,False,mobile edit; mobile web edit
تیرتاوافن,34021949,34021805,4850007,0,دختران لوط,2022-01-28T18:42:37Z,,5318,135,False,mobile edit; mobile web edit; visualeditor
تیرتاوافن,34022030,34021949,4850007,0,دختران لوط,2022-01-28T18:53:50Z,,5315,-3,False,mobile edit; mobile web edit; visualeditor
تیرتاوافن,34022352,34022296,5910646,10,الگو:نام حساب جایگزین کاربر,2022-01-28T20:16:04Z,این بخش به بخش دیگری منتقل شده‌است.,862,-354,False,mobile edit; mobile web edit
تیرتاوافن,34022368,34022352,5910646,10,الگو:نام حساب جایگزین کاربر,2022-01-28T20:17:47Z,,849,-13,False,mobile edit; mobile web edit
تیرتاوافن,34022371,34022283,5910547,2,کاربر:راپانزل,2022-01-28T20:18:33Z,,207,-41,False,mobile edit; mobile web edit; mw-manual-revert
تیرتاوافن,34022402,34021443,5886673,2,کاربر:تیرتاوافن,2022-01-28T20:24:07Z,,9030,47,False,mobile edit; mobile web edit
تیرتاوافن,34022721,34016951,4058618,3,بحث کاربر:The Ocean,2022-01-28T21:40:46Z,انتقال به بایگانی ۴,8564,-1491,False,mobile edit; mobile web edit
تیرتاوافن,34022732,33985353,5881838,3,بحث کاربر:The Ocean/بایگانی ۴,2022-01-28T21:41:58Z,بحث به بایگانی انتقال یافت.,95183,1491,False,mobile edit; mobile web edit; افزودن نویسهٔ تکراری
تیرتاوافن,34022738,34022721,4058618,3,بحث کاربر:The Ocean,2022-01-28T21:42:28Z,انتقال به بایگانی ۴,5306,-3258,False,mobile edit; mobile web edit
تیرتاوافن,34022741,34022732,5881838,3,بحث کاربر:The Ocean/بایگانی ۴,2022-01-28T21:43:00Z,,98441,3258,False,mobile edit; mobile web edit; discussiontools-added-comment
تیرتاوافن,34022753,34021793,5885051,0,مرگ‌ها در ۲۰۲۲,2022-01-28T21:46:05Z,,17796,-30,False,mobile edit; mobile web edit
تیرتاوافن,34023712,33837866,3772056,4,ویکی‌پدیا:چرا ویکی‌پدیا دیگر دوزار، بیشتر نمی‌ارزد امّا یک‌زار را می‌ارزد؟,2022-01-29T06:26:17Z,/* جستارهای وابسته */,9357,0,False,mobile edit; mobile app edit; android app edit
تیرتاوافن,34023848,24781450,900719,10,الگو:نام حساب جایگزین,2022-01-29T07:05:24Z,تغییرمسیر به [[الگو:حساب جایگزین ۲]],59,-473,False,mobile edit; mobile web edit; mw-new-redirect
تیرتاوافن,34023875,33872024,171965,10,الگو:حساب جایگزین,2022-01-29T07:09:35Z,,537,24,False,mobile edit; mobile web edit; mw-reverted
تیرتاوافن,34024196,34020963,5869518,3,بحث کاربر:Huji/بایگانی ۶۷,2022-01-29T08:35:32Z,/* آیا مقالات من به دردبخور هستند؟ */ بخش جدید,245918,780,False,mobile edit; mobile web edit; discussiontools-added-comment
تیرتاوافن,34035840,34010251,735724,0,زنان در شاهنشاهی هخامنشی,2022-01-31T07:29:46Z,/* برخی زنان */,8200,22,False,mobile edit; mobile web edit
تیرتاوافن,34035875,33978681,1108353,0,کوروش بزرگ,2022-01-31T07:39:48Z,/* گاه‌شمار دوران پادشاهی */,193362,3,False,mobile edit; mobile web edit
تیرتاوافن,34039253,33671807,5685366,0,فهرست ملکه‌های ایران,2022-01-31T17:06:52Z,/* top */,10885,19,False,mobile edit; mobile app edit; android app edit
تیرتاوافن,34039437,34036767,4058618,3,بحث کاربر:The Ocean,2022-01-31T17:39:11Z,,5352,-1,False,mobile edit; mobile web edit
تیرتاوافن,34042551,34042138,3461175,0,پهلوانان (مجموعه تلویزیونی),2022-02-01T08:33:18Z,,7341,-70,False,mobile edit; mobile web edit; visualeditor
تیرتاوافن,34042563,34038370,51845,0,پوریای ولی,2022-02-01T08:35:58Z,,26722,-16,False,mobile edit; mobile web edit; visualeditor
تیرتاوافن,34042573,34042563,51845,0,پوریای ولی,2022-02-01T08:37:41Z,,26721,-1,False,mobile edit; mobile web edit; visualeditor
تیرتاوافن,34042600,32219849,427899,0,سید علی حق‌شناس کمیاب,2022-02-01T08:41:53Z,,11102,17,False,mobile edit; mobile web edit; متن دارای ویکی‌متن نامتناظر; visualeditor
تیرتاوافن,34042610,34042600,427899,0,سید علی حق‌شناس کمیاب,2022-02-01T08:45:08Z,,11033,-69,False,mobile edit; mobile web edit; visualeditor
تیرتاوافن,34045888,34039250,4504001,3,بحث کاربر:GodNey,2022-02-01T19:09:31Z,/* [[پهلوانان (مجموعه تلویزیونی)]] */ بخش جدید,1113,704,False,mobile edit; mobile web edit; mw-reverted; discussiontools-added-comment
تیرتاوافن,34045924,34045021,5887818,4,ویکی‌پدیا:ویکی‌پروژه دیزنی/برای‌انجام,2022-02-01T19:16:17Z,/* باید ایجاد شود */,6438,0,False,mobile edit; mobile web edit
تیرتاوافن,34045943,34045924,5887818,4,ویکی‌پدیا:ویکی‌پروژه دیزنی/برای‌انجام,2022-02-01T19:20:21Z,/* باید ایجاد شود */,6399,-39,False,mobile edit; mobile web edit
تیرتاوافن,34045946,34045943,5887818,4,ویکی‌پدیا:ویکی‌پروژه دیزنی/برای‌انجام,2022-02-01T19:20:43Z,/* باید ایجاد شود */,6399,0,False,mobile edit; mobile web edit
تیرتاوافن,34048459,34048303,5865475,3,بحث کاربر:تیرتاوافن,2022-02-02T06:41:08Z,,20408,344,False,mobile edit; mobile app edit; android app edit; discussiontools-added-comment
تیرتاوافن,34048519,34048492,5865475,3,بحث کاربر:تیرتاوافن,2022-02-02T06:49:43Z,,21232,530,False,mobile edit; mobile app edit; android app edit; discussiontools-added-comment
تیرتاوافن,34048572,34048534,5865475,3,بحث کاربر:تیرتاوافن,2022-02-02T07:09:05Z,,22527,683,False,mobile edit; mobile app edit; android app edit; discussiontools-added-comment
تیرتاوافن,34048628,34048583,5865475,3,بحث کاربر:تیرتاوافن,2022-02-02T07:25:27Z,,24723,1477,False,mobile edit; mobile app edit; android app edit; discussiontools-added-comment
تیرتاوافن,34048631,34048628,5865475,3,بحث کاربر:تیرتاوافن,2022-02-02T07:27:20Z,/* تولدتان مبارک! */,24727,4,False,mobile edit; mobile web edit
تیرتاوافن,34048668,34022402,5886673,2,کاربر:تیرتاوافن,2022-02-02T07:44:14Z,,7677,-1353,False,mobile edit; mobile web edit
تیرتاوافن,34048674,34048668,5886673,2,کاربر:تیرتاوافن,2022-02-02T07:46:00Z,/* میهن */,7649,-28,False,mobile edit; mobile web edit
تیرتاوافن,34049828,34048087,3461175,0,پهلوانان (مجموعه تلویزیونی),2022-02-02T11:16:36Z,,7381,493,False,mobile edit; mobile web edit
تیرتاوافن,34049891,34049828,3461175,0,پهلوانان (مجموعه تلویزیونی),2022-02-02T11:25:11Z,,7730,349,False,mobile edit; mobile web edit; visualeditor
تیرتاوافن,34049899,34049891,3461175,0,پهلوانان (مجموعه تلویزیونی),2022-02-02T11:26:23Z,,7730,0,False,mobile edit; mobile web edit
تیرتاوافن,34049997,34049899,3461175,0,پهلوانان (مجموعه تلویزیونی),2022-02-02T11:42:56Z,,8252,522,False,mobile edit; mobile web edit; visualeditor
تیرتاوافن,34050011,34049997,3461175,0,پهلوانان (مجموعه تلویزیونی),2022-02-02T11:46:09Z,,8440,188,False,mobile edit; mobile web edit
تیرتاوافن,34050022,34050011,3461175,0,پهلوانان (مجموعه تلویزیونی),2022-02-02T11:47:06Z,,8438,-2,False,mobile edit; mobile web edit
تیرتاوافن,34050026,34050022,3461175,0,پهلوانان (مجموعه تلویزیونی),2022-02-02T11:47:35Z,,8405,-33,False,mobile edit; mobile web edit
تیرتاوافن,34050035,34050026,3461175,0,پهلوانان (مجموعه تلویزیونی),2022-02-02T11:48:37Z,,8394,-11,False,mobile edit; mobile web edit
تیرتاوافن,34050044,34050035,3461175,0,پهلوانان (مجموعه تلویزیونی),2022-02-02T11:50:27Z,,8504,110,False,mobile edit; mobile web edit
تیرتاوافن,34050527,33768370,3712213,3,بحث کاربر:Mr.Robot-ER28-0652,2022-02-02T13:22:22Z,/* [[پهلوانان (مجموعه تلویزیونی)]] */ بخش جدید,991,658,False,mobile edit; mobile web edit; mw-reverted; discussiontools-added-comment
تیرتاوافن,34050570,34044139,3461177,6,پرونده:Pahlevanan-poster.jpg,2022-02-02T13:31:53Z,,445,17,False,mobile edit; mobile web edit
تیرتاوافن,34050708,34048672,4228882,1,بحث:پهلوانان (مجموعه تلویزیونی),2022-02-02T14:07:37Z,,7315,473,False,mobile edit; mobile app edit; android app edit; discussiontools-added-comment
تیرتاوافن,34050727,34050452,5865475,3,بحث کاربر:تیرتاوافن,2022-02-02T14:10:25Z,,27009,300,False,mobile edit; mobile app edit; android app edit; discussiontools-added-comment
تیرتاوافن,34050954,34050703,3712213,3,بحث کاربر:Mr.Robot-ER28-0652,2022-02-02T14:53:48Z,/* پهلوانان (مجموعه تلویزیونی) */,3573,2120,False,mobile edit; mobile web edit; mw-reverted; discussiontools-added-comment
تیرتاوافن,34052639,34052368,3712213,3,بحث کاربر:Mr.Robot-ER28-0652,2022-02-02T20:22:21Z,/* پهلوانان (مجموعه تلویزیونی) */,7125,1097,False,mobile edit; mobile web edit; mw-reverted; discussiontools-added-comment
تیرتاوافن,34052727,34052639,3712213,3,بحث کاربر:Mr.Robot-ER28-0652,2022-02-02T20:32:43Z,/* پهلوانان (مجموعه تلویزیونی) */,7336,211,False,mobile edit; mobile web edit; mw-reverted; discussiontools-added-comment
تیرتاوافن,34052785,34050458,5913002,4,ویکی‌پدیا:نظرخواهی/تغییر لوگوی ویکی‌پدیا برای نوروز,2022-02-02T20:47:46Z,/* موافقان تغییر لوگو */,37178,176,False,mobile edit; mobile web edit; discussiontools-added-comment
تیرتاوافن,34052896,34038243,5882358,4,ویکی‌پدیا:نظرخواهی/سرشناسی سفیران,2022-02-02T21:11:16Z,,50186,175,False,mobile edit; mobile web edit; discussiontools-added-comment
تیرتاوافن,34055218,34052970,3712213,3,بحث کاربر:Mr.Robot-ER28-0652,2022-02-03T08:13:18Z,/* پهلوانان (مجموعه تلویزیونی) */,8588,759,False,mobile edit; mobile web edit; mw-reverted
تیرتاوافن,34055224,34055218,3712213,3,بحث کاربر:Mr.Robot-ER28-0652,2022-02-03T08:13:36Z,/* پهلوانان (مجموعه تلویزیونی) */,8747,159,False,mobile edit; mobile web edit; mw-reverted; discussiontools-added-comment
تیرتاوافن,34056342,34056146,51845,0,پوریای ولی,2022-02-03T12:38:31Z,/* top */,28496,8,False,mobile edit; mobile app edit; android app edit
تیرتاوافن,34056361,34056342,51845,0,پوریای ولی,2022-02-03T12:43:50Z,/* top */رفع اشکالات نوشتاری. لطفاً برای نام پدر منبع بیاورید...,28474,-22,False,mobile edit; متن دارای ویکی‌متن نامتناظر; mobile app edit; android app edit
تیرتاوافن,34056364,34056361,51845,0,پوریای ولی,2022-02-03T12:44:25Z,/* top */,28470,-4,False,mobile edit; متن دارای ویکی‌متن نامتناظر; mobile app edit; android app edit
تیرتاوافن,34056370,34056364,51845,0,پوریای ولی,2022-02-03T12:46:48Z,/* زادگاه */,28455,-15,False,mobile edit; mobile app edit; android app edit
تیرتاوافن,34056377,34056370,51845,0,پوریای ولی,2022-02-03T12:48:22Z,/* زندگی */,28461,6,False,mobile edit; mobile app edit; android app edit
تیرتاوافن,34056486,33738747,3824974,0,تیانا,2022-02-03T13:11:51Z,,274,1,False,mobile edit; mobile web edit
تیرتاوافن,34056695,34056377,51845,0,پوریای ولی,2022-02-03T13:42:39Z,/* آرامگاه */ اصلاح مطالب دارای ابهام و حذف منبع تکراری در یک جا,27007,-1454,False,mobile edit; mobile app edit; android app edit; حذف حجم زیادی از مطالب منبع‌دار
تیرتاوافن,34057106,32358695,1255573,0,وصیت‌نامه شخصی و سیاسی آدولف هیتلر,2022-02-03T14:59:16Z,/* جستارهای وابسته */,7143,35,False,mobile edit; mobile web edit
تیرتاوافن,34057116,33732426,4404,0,مرگ آدولف هیتلر,2022-02-03T15:01:13Z,,71442,4,False,mobile edit; mobile web edit
تیرتاوافن,34057129,34057116,4404,0,مرگ آدولف هیتلر,2022-02-03T15:05:00Z,/* فرضیهٔ زنده‌ماندن و فرار */,71433,-9,False,mobile edit; mobile web edit
تیرتاوافن,34057211,33927128,3894,0,آدولف هیتلر,2022-02-03T15:24:03Z,/* اجداد */,229496,0,False,mobile edit; mobile web edit
تیرتاوافن,34057626,34057557,5865475,3,بحث کاربر:تیرتاوافن,2022-02-03T17:08:02Z,,28368,380,False,mobile edit; mobile app edit; android app edit; discussiontools-added-comment
تیرتاوافن,34057635,33988200,31222,0,فوزیه,2022-02-03T17:12:19Z,/* top */,11118,-1,False,mobile edit; mobile app edit; android app edit
تیرتاوافن,34057640,34057635,31222,0,فوزیه,2022-02-03T17:14:02Z,/* top */,11069,-49,False,mobile edit; mobile app edit; android app edit
تیرتاوافن,34057976,34057968,5865475,3,بحث کاربر:تیرتاوافن,2022-02-03T18:46:24Z,,29573,300,False,mobile edit; mobile app edit; android app edit; discussiontools-added-comment
تیرتاوافن,34065944,34057640,31222,0,فوزیه,2022-02-05T10:05:39Z,/* منابع */,10864,-205,False,mobile edit; mobile web edit
تیرتاوافن,34065947,34065944,31222,0,فوزیه,2022-02-05T10:06:03Z,/* جستارهای وابسته */,10857,-7,False,mobile edit; mobile web edit
تیرتاوافن,34065973,34060396,258801,0,ازدواج فوزیه و محمدرضا پهلوی,2022-02-05T10:09:36Z,,11135,13,False,mobile edit; mobile web edit
تیرتاوافن,34066002,34065973,258801,0,ازدواج فوزیه و محمدرضا پهلوی,2022-02-05T10:12:08Z,/* ازدواج */,11108,-27,False,mobile edit; mobile web edit
تیرتاوافن,34066027,34066002,258801,0,ازدواج فوزیه و محمدرضا پهلوی,2022-02-05T10:14:00Z,/* ازدواج */,11075,-33,False,mobile edit; mobile web edit
تیرتاوافن,34066100,34066027,258801,0,ازدواج فوزیه و محمدرضا پهلوی,2022-02-05T10:21:29Z,/* طلاق */,11020,-55,False,mobile edit; mobile web edit
تیرتاوافن,34066119,34066100,258801,0,ازدواج فوزیه و محمدرضا پهلوی,2022-02-05T10:22:59Z,/* طلاق */,10937,-83,False,mobile edit; mobile web edit
تیرتاوافن,34066131,34066119,258801,0,ازدواج فوزیه و محمدرضا پهلوی,2022-02-05T10:25:13Z,/* منابع */,10855,-82,False,mobile edit; mobile web edit
تیرتاوافن,34066132,34066131,258801,0,ازدواج فوزیه و محمدرضا پهلوی,2022-02-05T10:25:37Z,,10855,0,False,mobile edit; mobile web edit
تیرتاوافن,34067909,34065462,51845,0,پوریای ولی,2022-02-05T15:36:50Z,به ویرایش ۳ فوریه ۲۰۲۲، ساعت ۱۹:۰۹ بازگردانده شد.,28241,1032,False,متن دارای ویکی‌متن نامتناظر; mw-manual-revert; disambiguator-link-added; wikieditor
تیرتاوافن,34081139,34080758,5917906,0,قتل مونا حیدری,2022-02-07T12:26:15Z,/* جستارهای وابسته */,19989,49,False,mobile edit; mobile web edit
تیرتاوافن,34081162,34039716,5885051,0,مرگ‌ها در ۲۰۲۲,2022-02-07T12:30:36Z,,20756,107,False,mobile edit; mobile web edit
تیرتاوافن,34081163,34081162,5885051,0,مرگ‌ها در ۲۰۲۲,2022-02-07T12:31:11Z,/* فوریه */,20933,177,False,mobile edit; mobile web edit
تیرتاوافن,34081189,34081163,5885051,0,مرگ‌ها در ۲۰۲۲,2022-02-07T12:39:21Z,,21344,411,False,mobile edit; mobile web edit; visualeditor
تیرتاوافن,34081251,34081189,5885051,0,مرگ‌ها در ۲۰۲۲,2022-02-07T12:46:47Z,,21344,0,False,mobile edit; mobile web edit; visualeditor
تیرتاوافن,34100335,34100272,5917906,0,قتل مونا حیدری,2022-02-09T09:26:34Z,,29936,44,False,mobile edit; mobile web edit; متن دارای ویکی‌متن نامتناظر; visualeditor
تیرتاوافن,34105164,33876604,5477746,0,افسون (فیلم ۲۰۲۱),2022-02-09T20:39:36Z,,7546,10,False,mobile edit; mobile web edit
تیرتاوافن,34105176,33876700,5846224,0,لایت‌یر (فیلم),2022-02-09T20:41:38Z,,4419,10,False,mobile edit; mobile web edit
تیرتاوافن,34105475,31720024,352616,0,آمار جمعیت مذاهب اسلام,2022-02-09T21:38:10Z,/* یادداشت‌ها */,76694,9,False,mobile edit; mobile web edit
تیرتاوافن,34105504,33436363,363067,0,پیرسالاری,2022-02-09T21:43:37Z,,802,-197,False,mobile edit; mobile web edit; visualeditor
تیرتاوافن,34105507,34105504,363067,0,پیرسالاری,2022-02-09T21:44:47Z,,1037,235,False,mobile edit; mobile web edit; visualeditor
تیرتاوافن,34105513,34105507,363067,0,پیرسالاری,2022-02-09T21:45:47Z,,1040,3,False,mobile edit; mobile web edit
تیرتاوافن,34105553,34048674,5886673,2,کاربر:تیرتاوافن,2022-02-09T21:59:54Z,,7649,0,False,mobile edit; mobile web edit
تیرتاوافن,34108836,34054015,1108353,0,کوروش بزرگ,2022-02-10T15:15:49Z,,194054,19,False,mobile edit; mobile web edit; mw-reverted
تیرتاوافن,34108861,34108836,1108353,0,کوروش بزرگ,2022-02-10T15:21:48Z,,194364,310,False,mobile edit; mobile web edit; visualeditor; mw-reverted
تیرتاوافن,34108870,34108861,1108353,0,کوروش بزرگ,2022-02-10T15:23:29Z,,194403,39,False,mobile edit; mobile web edit; mw-reverted
تیرتاوافن,34108935,34000291,68030,0,کاساندان,2022-02-10T15:40:20Z,,7683,-58,False,mobile edit; mobile web edit
تیرتاوافن,34108947,32607084,13108,0,کوروش (ابهام‌زدایی),2022-02-10T15:44:30Z,,593,9,False,mobile edit; mobile web edit
تیرتاوافن,34114199,34110493,5917906,0,قتل مونا حیدری,2022-02-11T13:47:41Z,,34926,28,False,mobile edit; mobile web edit; متن دارای ویکی‌متن نامتناظر
تیرتاوافن,34114258,34114199,5917906,0,قتل مونا حیدری,2022-02-11T13:55:42Z,,34926,0,False,mobile edit; mobile web edit
تیرتاوافن,34114323,34114259,427802,0,حلیمه سعیدی,2022-02-11T14:07:47Z,,4225,-5,False,mobile edit; mobile web edit; mw-reverted
تیرتاوافن,34124164,34055671,400870,0,سید ابراهیم رئیسی,2022-02-13T08:53:59Z,,152870,0,False,mobile edit; mobile web edit; visualeditor
تیرتاوافن,34124238,33957878,1753895,0,شبکه هدهد,2022-02-13T09:07:17Z,,5282,-107,False,mobile edit; mobile web edit; متن دارای ویکی‌متن نامتناظر; visualeditor
تیرتاوافن,34124251,34124238,1753895,0,شبکه هدهد,2022-02-13T09:10:45Z,,5258,-24,False,mobile edit; mobile web edit; visualeditor
تیرتاوافن,34124263,34124251,1753895,0,شبکه هدهد,2022-02-13T09:12:13Z,,5256,-2,False,mobile edit; mobile web edit; visualeditor
تیرتاوافن,34124265,34124263,1753895,0,شبکه هدهد,2022-02-13T09:12:45Z,/* جستارهای وابسته */,5254,-2,False,mobile edit; mobile web edit
تیرتاوافن,34124287,34124265,1753895,0,شبکه هدهد,2022-02-13T09:15:58Z,/* لوگوهای شبکه هدهد */,5497,243,False,mobile edit; mobile web edit
تیرتاوافن,34124291,34124287,1753895,0,شبکه هدهد,2022-02-13T09:16:41Z,,5051,-446,False,mobile edit; mobile web edit
تیرتاوافن,34124292,34124291,1753895,0,شبکه هدهد,2022-02-13T09:17:04Z,/* مخاطبین */,5496,445,False,mobile edit; mobile web edit
تیرتاوافن,34124302,34124292,1753895,0,شبکه هدهد,2022-02-13T09:17:32Z,/* جستارهای وابسته */,5487,-9,False,mobile edit; mobile web edit
تیرتاوافن,34124308,34124302,1753895,0,شبکه هدهد,2022-02-13T09:19:17Z,/* جستارهای وابسته */,5415,-72,False,mobile edit; mobile web edit
تیرتاوافن,34124315,34124308,1753895,0,شبکه هدهد,2022-02-13T09:19:42Z,,5555,140,False,mobile edit; mobile web edit; visualeditor
تیرتاوافن,34124354,34124315,1753895,0,شبکه هدهد,2022-02-13T09:26:41Z,,5555,0,False,mobile edit; mobile web edit; visualeditor
تیرتاوافن,34139606,33797979,356644,0,عفت مرعشی,2022-02-15T12:07:03Z,,10955,32,False,mobile edit; mobile web edit; visualeditor
تیرتاوافن,34139609,34139606,356644,0,عفت مرعشی,2022-02-15T12:08:48Z,,11002,47,False,mobile edit; mobile web edit; visualeditor
تیرتاوافن,34156932,33732303,26218,0,جامعه ملل,2022-02-18T10:33:35Z,/* اعضا */,177705,-8,False,mobile edit; mobile app edit; android app edit
تیرتاوافن,34164196,33661449,291078,0,زلیخا,2022-02-19T14:27:50Z,,1423,-351,False,mobile edit; mobile web edit; visualeditor
تیرتاوافن,34164222,34164196,291078,0,زلیخا,2022-02-19T14:31:14Z,,1753,330,False,mobile edit; mobile web edit
تیرتاوافن,34164243,34164222,291078,0,زلیخا,2022-02-19T14:34:12Z,,1787,34,False,mobile edit; mobile web edit
تیرتاوافن,34164251,34164243,291078,0,زلیخا,2022-02-19T14:35:58Z,,1930,143,False,mobile edit; mobile web edit; متن دارای ویکی‌متن نامتناظر; visualeditor
تیرتاوافن,34164530,34002890,5494668,0,بهائیان ایرانی,2022-02-19T15:16:43Z,,187628,-9,False,mobile edit; mobile web edit
تیرتاوافن,34164543,34002751,737419,0,بهائیان در حکومت پهلوی,2022-02-19T15:19:00Z,,87054,-25,False,mobile edit; mobile web edit
تیرتاوافن,34164587,34164543,737419,0,بهائیان در حکومت پهلوی,2022-02-19T15:26:07Z,/* دورهٔ قاجار */مطالب این بخش باید به بخش دیگری منتقل شود.,85232,-1822,False,mobile edit; mobile web edit; حذف حجم زیادی از مطالب منبع‌دار
تیرتاوافن,34164597,34164587,737419,0,بهائیان در حکومت پهلوی,2022-02-19T15:28:35Z,,87065,1833,False,mobile edit; mobile web edit
تیرتاوافن,34164617,34164597,737419,0,بهائیان در حکومت پهلوی,2022-02-19T15:32:37Z,,87075,10,False,mobile edit; mobile web edit
تیرتاوافن,34164639,34164617,737419,0,بهائیان در حکومت پهلوی,2022-02-19T15:34:48Z,,87076,1,False,mobile edit; mobile web edit
تیرتاوافن,34164693,34164639,737419,0,بهائیان در حکومت پهلوی,2022-02-19T15:46:05Z,,87065,-11,False,mobile edit; mobile web edit
تیرتاوافن,34164697,34164693,737419,0,بهائیان در حکومت پهلوی,2022-02-19T15:48:41Z,/* دورهٔ قاجار */,87029,-36,False,mobile edit; mobile web edit
تیرتاوافن,34164700,34164697,737419,0,بهائیان در حکومت پهلوی,2022-02-19T15:49:18Z,این بخش ربطی به این مقاله ندارد,79204,-7825,False,mobile edit; mobile web edit; حذف حجم زیادی از مطالب منبع‌دار
تیرتاوافن,34164702,34164700,737419,0,بهائیان در حکومت پهلوی,2022-02-19T15:49:42Z,,79203,-1,False,mobile edit; mobile web edit
تیرتاوافن,34164717,34164530,5494668,0,بهائیان ایرانی,2022-02-19T15:51:48Z,/* پیشینه */,187670,42,False,mobile edit; mobile web edit
تیرتاوافن,34164745,34164702,737419,0,بهائیان در حکومت پهلوی,2022-02-19T15:59:53Z,,79247,44,False,mobile edit; mobile web edit
تیرتاوافن,34164756,34081420,5705514,0,ایران پهلوی,2022-02-19T16:01:40Z,,117954,107,False,mobile edit; mobile web edit; mw-manual-revert
تیرتاوافن,34164759,33897454,391886,0,دودمان پهلوی,2022-02-19T16:02:21Z,,30022,27,False,mobile edit; mobile web edit; متن دارای ویکی‌متن نامتناظر
تیرتاوافن,34164764,34164756,5705514,0,ایران پهلوی,2022-02-19T16:03:24Z,,117953,-1,False,mobile edit; mobile web edit
تیرتاوافن,34164766,34164764,5705514,0,ایران پهلوی,2022-02-19T16:03:54Z,,117952,-1,False,mobile edit; mobile web edit
تیرتاوافن,34164823,34131626,426610,0,رضاشاه,2022-02-19T16:13:19Z,,274461,1,False,mobile edit; mobile web edit
تیرتاوافن,34164831,34164823,426610,0,رضاشاه,2022-02-19T16:14:49Z,,274460,-1,False,mobile edit; mobile web edit
تیرتاوافن,34164853,34164831,426610,0,رضاشاه,2022-02-19T16:17:58Z,,274460,0,False,mobile edit; mobile web edit
تیرتاوافن,34164858,34164853,426610,0,رضاشاه,2022-02-19T16:19:57Z,,274463,3,False,mobile edit; mobile web edit; visualeditor; افزودن تگ‌های خالی
تیرتاوافن,34164883,34164858,426610,0,رضاشاه,2022-02-19T16:22:31Z,,274407,-56,False,mobile edit; mobile web edit
تیرتاوافن,34164929,34164883,426610,0,رضاشاه,2022-02-19T16:26:10Z,/* نگارخانه */,274245,-162,False,mobile edit; mobile web edit
تیرتاوافن,34166145,34165741,737419,0,بهائیان در حکومت پهلوی,2022-02-19T19:43:06Z,/* بهائیان در زمان حکومت پهلوی */,79355,-41,False,mobile edit; mobile app edit; android app edit
تیرتاوافن,34166175,33864517,3607822,4,ویکی‌پدیا:ویکی‌پروژه حقوق بشر,2022-02-19T19:50:44Z,,6841,-1,False,mobile edit; mobile web edit
تیرتاوافن,34166179,34166175,3607822,4,ویکی‌پدیا:ویکی‌پروژه حقوق بشر,2022-02-19T19:52:52Z,/* مشارکت‌کنندگان */,6892,51,False,mobile edit; mobile web edit
تیرتاوافن,34168160,34155977,185010,0,احمد جنتی,2022-02-20T06:55:32Z,,54178,33,False,mobile edit; mobile app edit; android app edit
تیرتاوافن,34170015,34167458,5494668,0,بهائیان ایرانی,2022-02-20T12:00:20Z,/* پیشینه */,187723,12,False,mobile edit; mobile app edit; android app edit
تیرتاوافن,34174968,33829251,2624735,0,فهرست شاهان صفوی,2022-02-21T06:52:08Z,,26077,-46,False,mobile edit; mobile web edit
تیرتاوافن,34175010,34174968,2624735,0,فهرست شاهان صفوی,2022-02-21T07:03:10Z,/* جستارهای وابسته */,26195,118,False,mobile edit; mobile web edit
تیرتاوافن,34175013,34175010,2624735,0,فهرست شاهان صفوی,2022-02-21T07:03:37Z,,26193,-2,False,mobile edit; mobile web edit
تیرتاوافن,34175066,34170015,5494668,0,بهائیان ایرانی,2022-02-21T07:13:37Z,,187723,0,False,mobile edit; mobile web edit
تیرتاوافن,34175240,34167060,112519,0,بهائی‌ستیزی,2022-02-21T07:57:26Z,,143744,7,False,mobile edit; mobile web edit
تیرتاوافن,34175320,34175240,112519,0,بهائی‌ستیزی,2022-02-21T08:16:56Z,/* منابع */,143742,-2,False,mobile edit; mobile web edit
تیرتاوافن,34175355,34017029,5865954,2,کاربر:تیرتاوافن/صفحه تمرین,2022-02-21T08:21:23Z,,1607,577,False,mobile edit; mobile web edit
تیرتاوافن,34175364,34175355,5865954,2,کاربر:تیرتاوافن/صفحه تمرین,2022-02-21T08:23:34Z,,1246,-361,False,mobile edit; mobile web edit
تیرتاوافن,34175366,34175364,5865954,2,کاربر:تیرتاوافن/صفحه تمرین,2022-02-21T08:23:44Z,,560,-686,False,mobile edit; mobile web edit
تیرتاوافن,34175382,34175320,112519,0,بهائی‌ستیزی,2022-02-21T08:28:21Z,,143736,-6,False,mobile edit; mobile web edit; visualeditor
تیرتاوافن,34175419,34175382,112519,0,بهائی‌ستیزی,2022-02-21T08:38:56Z,/* منابع */,143305,-431,False,mobile edit; mobile web edit
تیرتاوافن,34175431,34175419,112519,0,بهائی‌ستیزی,2022-02-21T08:41:51Z,,143308,3,False,mobile edit; mobile web edit
تیرتاوافن,34175436,34175431,112519,0,بهائی‌ستیزی,2022-02-21T08:42:31Z,,143328,20,False,mobile edit; mobile web edit
تیرتاوافن,34175446,34175436,112519,0,بهائی‌ستیزی,2022-02-21T08:45:16Z,,143326,-2,False,mobile edit; mobile web edit
تیرتاوافن,34181888,34074332,43818,0,بانک اطلاعات اینترنتی فیلم‌ها,2022-02-22T10:18:50Z,,21141,-8,False,mobile edit; mobile web edit
تیرتاوافن,34186324,34105553,5886673,2,کاربر:تیرتاوافن,2022-02-23T07:03:35Z,,7649,0,False,mobile edit; mobile web edit
تیرتاوافن,34191848,34047755,5559050,0,کس,2022-02-24T12:06:20Z,,6284,155,False,mobile edit; mobile app edit; android app edit
تیرتاوافن,34193342,34167963,14551,0,ناصر مکارم شیرازی,2022-02-24T18:15:54Z,,58327,1,False,mobile edit; mobile web edit
تیرتاوافن,34193355,34193342,14551,0,ناصر مکارم شیرازی,2022-02-24T18:17:44Z,,58303,-24,False,mobile edit; mobile web edit
تیرتاوافن,34193358,34193355,14551,0,ناصر مکارم شیرازی,2022-02-24T18:18:20Z,,58088,-215,False,mobile edit; mobile web edit
تیرتاوافن,34193373,34193358,14551,0,ناصر مکارم شیرازی,2022-02-24T18:20:17Z,,57935,-153,False,mobile edit; mobile web edit
تیرتاوافن,34199833,34199057,5931369,0,جنگ روسیه و اوکراین (۲۰۲۲–اکنون),2022-02-26T05:00:49Z,,135689,0,False,mobile edit; mobile web edit
تیرتاوافن,34220632,29162140,322891,0,نراد (سرده),2022-03-02T07:16:34Z,,3050,2,False,mobile edit; mobile app edit; android app edit
تیرتاوافن,34220682,34220672,5865475,3,بحث کاربر:تیرتاوافن,2022-03-02T07:34:57Z,,30898,442,False,mobile edit; mobile app edit; android app edit; discussiontools-added-comment
تیرتاوافن,34227683,33680041,521511,0,جرج یکم,2022-03-03T11:23:54Z,,10330,-18,False,mobile edit; mobile web edit
تیرتاوافن,34227721,32648535,416425,0,ملکه آن,2022-03-03T11:29:22Z,,8558,1,False,mobile edit; mobile web edit; visualeditor
تیرتاوافن,34229317,33269069,857323,0,نام کوچک,2022-03-03T16:55:28Z,,4801,1046,False,mobile edit; mobile web edit; visualeditor
تیرتاوافن,34255608,33747586,446540,0,فهرست استان‌های ایران,2022-03-08T13:30:35Z,,26906,-20,False,mobile edit; mobile web edit
تیرتاوافن,34255610,34255608,446540,0,فهرست استان‌های ایران,2022-03-08T13:31:08Z,,26909,3,False,mobile edit; mobile web edit
تیرتاوافن,34255613,34255610,446540,0,فهرست استان‌های ایران,2022-03-08T13:31:49Z,,26912,3,False,mobile edit; mobile web edit
تیرتاوافن,34255628,34255613,446540,0,فهرست استان‌های ایران,2022-03-08T13:35:15Z,,26674,-238,False,mobile edit; mobile web edit; visualeditor
تیرتاوافن,34256018,34174256,5685366,0,فهرست ملکه‌های ایران,2022-03-08T15:04:56Z,,10907,22,False,mobile edit; mobile web edit; visualeditor
تیرتاوافن,34260296,34260275,12018,0,شاهنشاهی هخامنشی,2022-03-09T09:45:08Z,,279122,2,False,mobile edit; mobile app edit; android app edit
تیرتاوافن,34295912,34236942,1753652,0,جیران (همسر ناصرالدین‌شاه),2022-03-15T20:04:02Z,,25899,39,False,mobile edit; متن دارای ویکی‌متن نامتناظر; mobile app edit; android app edit
تیرتاوافن,34295915,34295912,1753652,0,جیران (همسر ناصرالدین‌شاه),2022-03-15T20:04:35Z,,25852,-47,False,mobile edit; mobile app edit; android app edit
تیرتاوافن,34295919,34295915,1753652,0,جیران (همسر ناصرالدین‌شاه),2022-03-15T20:05:21Z,,25859,7,False,mobile edit; mobile app edit; android app edit
تیرتاوافن,34295926,34295919,1753652,0,جیران (همسر ناصرالدین‌شاه),2022-03-15T20:08:49Z,,25845,-14,False,mobile edit; متن دارای ویکی‌متن نامتناظر; mobile app edit; android app edit
تیرتاوافن,34295927,34295926,1753652,0,جیران (همسر ناصرالدین‌شاه),2022-03-15T20:09:20Z,,25851,6,False,mobile edit; متن دارای ویکی‌متن نامتناظر; mobile app edit; android app edit
تیرتاوافن,34304427,31838715,5178310,0,تیمورخان آیرملو,2022-03-17T18:53:12Z,,1581,-64,False,mobile edit; mobile web edit; visualeditor
تیرتاوافن,34304442,34304427,5178310,0,تیمورخان آیرملو,2022-03-17T18:57:53Z,,1677,96,False,mobile edit; mobile web edit; visualeditor
تیرتاوافن,34304446,34304442,5178310,0,تیمورخان آیرملو,2022-03-17T18:58:18Z,,1674,-3,False,mobile edit; mobile web edit; visualeditor
تیرتاوافن,34304448,34304446,5178310,0,تیمورخان آیرملو,2022-03-17T18:58:58Z,,1672,-2,False,mobile edit; mobile web edit
تیرتاوافن,34304451,34304448,5178310,0,تیمورخان آیرملو,2022-03-17T18:59:30Z,,1664,-8,False,mobile edit; mobile web edit
تیرتاوافن,34304476,34304451,5178310,0,تیمورخان آیرملو,2022-03-17T19:05:25Z,,1690,26,False,mobile edit; mobile web edit; متن دارای ویکی‌متن نامتناظر; visualeditor
تیرتاوافن,34304479,34304476,5178310,0,تیمورخان آیرملو,2022-03-17T19:06:03Z,,1514,-176,False,mobile edit; mobile web edit; visualeditor
تیرتاوافن,34304480,34304479,5178310,0,تیمورخان آیرملو,2022-03-17T19:06:16Z,/* جستارهای وابسته */,1509,-5,False,mobile edit; mobile web edit
تیرتاوافن,34304529,34282442,11748,0,تاج‌الملوک آیرملو,2022-03-17T19:14:21Z,,18814,130,False,mobile edit; mobile web edit
تیرتاوافن,34304577,34303973,5937560,4,ویکی‌پدیا:نظرخواهی/لوگو برای نوروز ۱۴۰۱,2022-03-17T19:27:09Z,/* موافق ۴ */,52180,219,False,mobile edit; mobile web edit; discussiontools-added-comment
تیرتاوافن,34304582,34186324,5886673,2,کاربر:تیرتاوافن,2022-03-17T19:30:06Z,,7741,92,False,mobile edit; mobile web edit
تیرتاوافن,34304608,34293994,754615,10,الگو:اعلانات ویکی‌پدیا,2022-03-17T19:36:45Z,,1240,257,False,mobile edit; mobile web edit; mw-reverted
تیرتاوافن,34315817,33916691,18049,0,فریده قطبی,2022-03-19T17:55:19Z,,14425,68,False,mobile edit; mobile web edit; متن دارای ویکی‌متن نامتناظر; visualeditor
تیرتاوافن,34315838,34279566,27033,0,فرح پهلوی,2022-03-19T18:04:09Z,/* کتاب‌شناسی */,77942,35,False,mobile edit; mobile web edit
تیرتاوافن,34317089,34042264,4982133,0,ایران قاجاری,2022-03-19T22:51:08Z,,63326,-8,False,mobile edit; mobile app edit; android app edit
تیرتاوافن,34319328,34316343,1753652,0,جیران (همسر ناصرالدین‌شاه),2022-03-20T10:23:32Z,/* نام و تبار */,26116,-38,False,mobile edit; mobile app edit; android app edit
تیرتاوافن,34319352,34319328,1753652,0,جیران (همسر ناصرالدین‌شاه),2022-03-20T10:28:34Z,,25625,-491,False,mobile edit; mobile app edit; android app edit
تیرتاوافن,34319364,20973743,2845203,1,بحث:محمدعلی‌خان تجریشی,2022-03-20T10:31:19Z,تیرتاوافن صفحهٔ [[بحث:محمدعلی خان تجریشی]] را به [[بحث:محمدعلی‌خان تجریشی]] منتقل کرد: خان قسمتی از نام کوچک افراد است,344,0,True,
تیرتاوافن,34319363,0,5949820,0,محمدعلی خان تجریشی,2022-03-20T10:31:19Z,تیرتاوافن صفحهٔ [[محمدعلی خان تجریشی]] را به [[محمدعلی‌خان تجریشی]] منتقل کرد: خان قسمتی از نام کوچک افراد است,77,77,False,mw-new-redirect
تیرتاوافن,34319362,34154843,1759074,0,محمدعلی‌خان تجریشی,2022-03-20T10:31:19Z,تیرتاوافن صفحهٔ [[محمدعلی خان تجریشی]] را به [[محمدعلی‌خان تجریشی]] منتقل کرد: خان قسمتی از نام کوچک افراد است,1808,0,True,
تیرتاوافن,34319365,0,5949821,1,بحث:محمدعلی خان تجریشی,2022-03-20T10:31:20Z,تیرتاوافن صفحهٔ [[بحث:محمدعلی خان تجریشی]] را به [[بحث:محمدعلی‌خان تجریشی]] منتقل کرد: خان قسمتی از نام کوچک افراد است,84,84,False,mw-new-redirect
تیرتاوافن,34319424,34319362,1759074,0,محمدعلی‌خان تجریشی,2022-03-20T10:46:28Z,,2092,284,False,visualeditor
تیرتاوافن,34319597,34319352,1753652,0,جیران (همسر ناصرالدین‌شاه),2022-03-20T11:30:05Z,,25549,-76,False,visualeditor-switched; wikieditor
تیرتاوافن,34319601,34319597,1753652,0,جیران (همسر ناصرالدین‌شاه),2022-03-20T11:31:00Z,,25548,-1,False,wikieditor
تیرتاوافن,34319610,34319424,1759074,0,محمدعلی‌خان تجریشی,2022-03-20T11:32:56Z,,2116,24,False,wikieditor
تیرتاوافن,34319649,34319610,1759074,0,محمدعلی‌خان تجریشی,2022-03-20T11:40:19Z,,2103,-13,False,mobile edit; mobile app edit; android app edit
تیرتاوافن,34319690,34319601,1753652,0,جیران (همسر ناصرالدین‌شاه),2022-03-20T11:48:00Z,/* نام و تبار */,25571,23,False,mobile edit; mobile app edit; android app edit
تیرتاوافن,34319701,34319692,1753652,0,جیران (همسر ناصرالدین‌شاه),2022-03-20T11:51:05Z,/* آشنایی با ناصرالدین‌شاه */,25525,9,False,mobile edit; mobile app edit; android app edit
تیرتاوافن,34319704,34319701,1753652,0,جیران (همسر ناصرالدین‌شاه),2022-03-20T11:51:45Z,/* آشنایی با ناصرالدین‌شاه */,25529,4,False,mobile edit; mobile app edit; android app edit
تیرتاوافن,34319712,34319704,1753652,0,جیران (همسر ناصرالدین‌شاه),2022-03-20T11:52:31Z,/* ویژگی‌ها */,25528,-1,False,mobile edit; mobile app edit; android app edit
تیرتاوافن,34319720,34319712,1753652,0,جیران (همسر ناصرالدین‌شاه),2022-03-20T11:53:47Z,/* ویژگی‌ها */,25537,9,False,mobile edit; mobile app edit; android app edit
تیرتاوافن,34319738,33348674,39181,0,حسین قوللرآقاسی,2022-03-20T11:56:36Z,,5626,-2,False,mobile edit; mobile app edit; android app edit
تیرتاوافن,34319748,34319738,39181,0,حسین قوللرآقاسی,2022-03-20T11:58:08Z,/* زندگی‌نامه */,5642,16,False,mobile edit; mobile app edit; android app edit
تیرتاوافن,34319751,34319748,39181,0,حسین قوللرآقاسی,2022-03-20T11:58:36Z,/* درگذشت */,5625,-17,False,mobile edit; mobile app edit; android app edit
تیرتاوافن,34319762,0,5949894,1,بحث:حسین قوللرآغاسی,2022-03-20T11:59:57Z,تیرتاوافن صفحهٔ [[بحث:حسین قوللرآغاسی]] را به [[بحث:حسین قوللرآقاسی]] منتقل کرد: نام او در منابع این صفحه به صورت حسین قوللرآقاسی نوشته شده‌است.,77,77,False,mw-new-redirect
تیرتاوافن,34319761,20647508,2836972,1,بحث:حسین قوللرآقاسی,2022-03-20T11:59:57Z,تیرتاوافن صفحهٔ [[بحث:حسین قوللرآغاسی]] را به [[بحث:حسین قوللرآقاسی]] منتقل کرد: نام او در منابع این صفحه به صورت حسین قوللرآقاسی نوشته شده‌است.,454,0,True,
تیرتاوافن,34319760,0,5949893,0,حسین قوللرآغاسی,2022-03-20T11:59:57Z,تیرتاوافن صفحهٔ [[حسین قوللرآغاسی]] را به [[حسین قوللرآقاسی]] منتقل کرد: نام او در منابع این صفحه به صورت حسین قوللرآقاسی نوشته شده‌است.,70,70,False,mw-new-redirect
تیرتاوافن,34319759,34319751,39181,0,حسین قوللرآقاسی,2022-03-20T11:59:57Z,تیرتاوافن صفحهٔ [[حسین قوللرآغاسی]] را به [[حسین قوللرآقاسی]] منتقل کرد: نام او در منابع این صفحه به صورت حسین قوللرآقاسی نوشته شده‌است.,5625,0,True,
تیرتاوافن,34319779,11761585,71634,0,حسين قوللر آقاسي,2022-03-20T12:03:06Z,,53,-1,False,wikieditor
تیرتاوافن,34319780,34319779,71634,0,حسين قوللر آقاسي,2022-03-20T12:03:24Z,تغییر هدف تغییرمسیر از [[حسین قوللرآغاسی]] به [[حسین قوللرآقاسی]],53,0,False,mw-changed-redirect-target; wikieditor
تیرتاوافن,34319782,11761586,367168,0,حسین قوللر آقاسی,2022-03-20T12:04:09Z,تغییر هدف تغییرمسیر از [[حسین قوللرآغاسی]] به [[حسین قوللرآقاسی]],53,-1,False,mw-changed-redirect-target; wikieditor
تیرتاوافن,34319787,34319760,5949893,0,حسین قوللرآغاسی,2022-03-20T12:04:51Z,,53,-17,False,wikieditor
تیرتاوافن,34319790,11761587,507265,0,حسین قولر آقاسی,2022-03-20T12:05:24Z,تغییر هدف تغییرمسیر از [[حسین قوللرآغاسی]] به [[حسین قوللرآقاسی]],53,-1,False,mw-changed-redirect-target; wikieditor
تیرتاوافن,34319815,34319720,1753652,0,جیران (همسر ناصرالدین‌شاه),2022-03-20T12:09:59Z,/* در اندرونی شاه */,25536,-1,False,mobile edit; mobile app edit; android app edit
تیرتاوافن,34319844,34319815,1753652,0,جیران (همسر ناصرالدین‌شاه),2022-03-20T12:14:22Z,/* در اندرونی شاه */,25546,10,False,mobile edit; mobile app edit; android app edit
تیرتاوافن,34319850,34319844,1753652,0,جیران (همسر ناصرالدین‌شاه),2022-03-20T12:15:44Z,/* در اندرونی شاه */,25544,-2,False,mobile edit; mobile app edit; android app edit; mw-reverted
تیرتاوافن,34319860,34319850,1753652,0,جیران (همسر ناصرالدین‌شاه),2022-03-20T12:17:29Z,/* در اندرونی شاه */,25546,2,False,mobile edit; mobile app edit; android app edit; mw-manual-revert
تیرتاوافن,34319866,34319860,1753652,0,جیران (همسر ناصرالدین‌شاه),2022-03-20T12:18:36Z,/* فرزندان */,25545,-1,False,mobile edit; mobile app edit; android app edit
تیرتاوافن,34319880,34319866,1753652,0,جیران (همسر ناصرالدین‌شاه),2022-03-20T12:20:24Z,/* تبارنامه */,25492,-53,False,mobile edit; mobile app edit; android app edit
تیرتاوافن,34319903,34319880,1753652,0,جیران (همسر ناصرالدین‌شاه),2022-03-20T12:25:52Z,,25457,-35,False,mobile edit; mobile web edit; visualeditor
تیرتاوافن,34319938,34316189,5869518,3,بحث کاربر:Huji/بایگانی ۶۷,2022-03-20T12:35:31Z,/* [[الگو:جعبه اطلاعات خانواده سلطنتی]] */ بخش جدید,351521,562,False,mobile edit; mobile web edit; discussiontools-added-comment
تیرتاوافن,34319949,33804128,3845879,0,میخائیل مشاقه,2022-03-20T12:37:32Z,,50705,7,False,mobile edit; mobile web edit; visualeditor
تیرتاوافن,34319960,34315838,27033,0,فرح پهلوی,2022-03-20T12:39:48Z,/* جستارهای وابسته */,77996,54,False,mobile edit; mobile web edit
تیرتاوافن,34319974,24820586,1118196,0,پری دریایی کوچولو (ابهام‌زدایی),2022-03-20T12:41:54Z,,381,106,False,mobile edit; mobile web edit
تیرتاوافن,34319982,34319974,1118196,0,پری دریایی کوچولو (ابهام‌زدایی),2022-03-20T12:43:41Z,,498,117,False,mobile edit; mobile web edit
تیرتاوافن,34319992,34319982,1118196,0,پری دریایی کوچولو (ابهام‌زدایی),2022-03-20T12:46:04Z,,688,190,False,mobile edit; mobile web edit
تیرتاوافن,34320002,28791592,3367700,0,پری دریایی کوچولو (فیلم ۱۹۹۲),2022-03-20T12:48:28Z,,2141,-1,False,mobile edit; mobile web edit
تیرتاوافن,34320344,34143588,1708983,0,جیران,2022-03-20T14:08:57Z,,3470,-5,False,mobile edit; mobile web edit; visualeditor
تیرتاوافن,34320382,34319968,1753652,0,جیران (همسر ناصرالدین‌شاه),2022-03-20T14:14:11Z,,24465,40,False,mobile edit; mobile web edit; متن دارای ویکی‌متن نامتناظر; visualeditor; mw-reverted
تیرتاوافن,34320389,34320382,1753652,0,جیران (همسر ناصرالدین‌شاه),2022-03-20T14:16:06Z,,24468,3,False,mobile edit; mobile web edit; visualeditor
تیرتاوافن,34320453,34320398,1753652,0,جیران (همسر ناصرالدین‌شاه),2022-03-20T14:25:31Z,/* در آثار هنری */,24432,4,False,mobile edit; mobile web edit; mw-reverted
تیرتاوافن,34320560,34319725,5644333,0,جیران (مجموعه نمایش خانگی),2022-03-20T15:01:56Z,,12737,1,False,mobile edit; mobile web edit
تیرتاوافن,34323247,33684120,3736305,0,دفتر مخصوص شهبانو فرح پهلوی,2022-03-21T08:44:22Z,,3479,-2,False,mobile edit; mobile web edit
تیرتاوافن,34323253,27481421,259026,0,قانون حمایت از خانواده (۱۳۵۳),2022-03-21T08:46:57Z,,14144,21,False,mobile edit; mobile web edit; visualeditor
تیرتاوافن,34323263,34323253,259026,0,قانون حمایت از خانواده (۱۳۵۳),2022-03-21T08:49:40Z,,14153,9,False,mobile edit; mobile web edit; visualeditor
تیرتاوافن,34323297,34323263,259026,0,قانون حمایت از خانواده (۱۳۵۳),2022-03-21T08:57:05Z,,14148,-5,False,mobile edit; mobile web edit; visualeditor
تیرتاوافن,34323308,34323297,259026,0,قانون حمایت از خانواده (۱۳۵۳),2022-03-21T09:01:34Z,,14161,13,False,mobile edit; mobile web edit; متن دارای ویکی‌متن نامتناظر; visualeditor
تیرتاوافن,34323314,34323308,259026,0,قانون حمایت از خانواده (۱۳۵۳),2022-03-21T09:02:03Z,,14167,6,False,mobile edit; mobile web edit; visualeditor
تیرتاوافن,34323319,34323314,259026,0,قانون حمایت از خانواده (۱۳۵۳),2022-03-21T09:04:15Z,در متن پیوند دارد,14076,-91,False,mobile edit; mobile web edit; visualeditor
تیرتاوافن,34323327,34323319,259026,0,قانون حمایت از خانواده (۱۳۵۳),2022-03-21T09:06:26Z,,13889,-187,False,mobile edit; mobile web edit; متن دارای ویکی‌متن نامتناظر; visualeditor
تیرتاوافن,34323339,0,5950277,0,قانون حمایت خانواده (۱۳۵۴),2022-03-21T09:09:40Z,تیرتاوافن صفحهٔ [[قانون حمایت خانواده (۱۳۵۴)]] را به [[قانون حمایت از خانواده (۱۳۵۳)]] منتقل کرد: این قانون در سال ۱۳۵۳ تصویب شده‌است نه ۱۳۵۴.,93,93,False,mw-new-redirect
تیرتاوافن,34323338,34323327,259026,0,قانون حمایت از خانواده (۱۳۵۳),2022-03-21T09:09:40Z,تیرتاوافن صفحهٔ [[قانون حمایت خانواده (۱۳۵۴)]] را به [[قانون حمایت از خانواده (۱۳۵۳)]] منتقل کرد: این قانون در سال ۱۳۵۳ تصویب شده‌است نه ۱۳۵۴.,13889,0,True,
تیرتاوافن,34323341,0,5950278,1,بحث:قانون حمایت خانواده (۱۳۵۴),2022-03-21T09:09:41Z,تیرتاوافن صفحهٔ [[بحث:قانون حمایت خانواده (۱۳۵۴)]] را به [[بحث:قانون حمایت از خانواده (۱۳۵۳)]] منتقل کرد: این قانون در سال ۱۳۵۳ تصویب شده‌است نه ۱۳۵۴.,100,100,False,mw-new-redirect
تیرتاوافن,34323340,27481422,2992799,1,بحث:قانون حمایت از خانواده (۱۳۵۳),2022-03-21T09:09:41Z,تیرتاوافن صفحهٔ [[بحث:قانون حمایت خانواده (۱۳۵۴)]] را به [[بحث:قانون حمایت از خانواده (۱۳۵۳)]] منتقل کرد: این قانون در سال ۱۳۵۳ تصویب شده‌است نه ۱۳۵۴.,1899,0,True,
تیرتاوافن,34323398,24625493,2992796,1,بحث:قانون حمایت از خانواده (۱۳۴۶),2022-03-21T09:18:29Z,تیرتاوافن صفحهٔ [[بحث:قانون حمایت خانواده (۱۳۴۶)]] را به [[بحث:قانون حمایت از خانواده (۱۳۴۶)]] منتقل کرد: نام درست این قانون، - حمایت از خانواده - است.,429,0,True,
تیرتاوافن,34323397,0,5950282,0,قانون حمایت خانواده (۱۳۴۶),2022-03-21T09:18:29Z,تیرتاوافن صفحهٔ [[قانون حمایت خانواده (۱۳۴۶)]] را به [[قانون حمایت از خانواده (۱۳۴۶)]] منتقل کرد: نام درست این قانون، - حمایت از خانواده - است.,93,93,False,mw-new-redirect
تیرتاوافن,34323396,28511181,259029,0,قانون حمایت از خانواده (۱۳۴۶),2022-03-21T09:18:29Z,تیرتاوافن صفحهٔ [[قانون حمایت خانواده (۱۳۴۶)]] را به [[قانون حمایت از خانواده (۱۳۴۶)]] منتقل کرد: نام درست این قانون، - حمایت از خانواده - است.,4896,0,True,
تیرتاوافن,34323399,0,5950283,1,بحث:قانون حمایت خانواده (۱۳۴۶),2022-03-21T09:18:30Z,تیرتاوافن صفحهٔ [[بحث:قانون حمایت خانواده (۱۳۴۶)]] را به [[بحث:قانون حمایت از خانواده (۱۳۴۶)]] منتقل کرد: نام درست این قانون، - حمایت از خانواده - است.,100,100,False,mw-new-redirect
تیرتاوافن,34323425,5427741,259038,0,قانون حمایت ا خانواده,2022-03-21T09:23:34Z,تیرتاوافن صفحهٔ [[قانون حمایت از خانواده]] را به [[قانون حمایت ا خانواده]] منتقل کرد: برای انتقال صفحه دیگر به این نام برای چند دقیقه نام این را عوض می‌کنم,50,0,True,
تیرتاوافن,34324850,34324771,5865475,3,بحث کاربر:تیرتاوافن,2022-03-21T16:25:06Z,,32863,406,False,mobile edit; mobile app edit; android app edit; discussiontools-added-comment
تیرتاوافن,34325042,34304582,5886673,2,کاربر:تیرتاوافن,2022-03-21T17:00:54Z,,7649,-92,False,mobile edit; mobile web edit; visualeditor; mw-manual-revert
تیرتاوافن,34325046,34325042,5886673,2,کاربر:تیرتاوافن,2022-03-21T17:01:43Z,,7653,4,False,mobile edit; mobile web edit; visualeditor
تیرتاوافن,34326100,34261352,3319,0,پرده بکارت,2022-03-21T20:45:54Z,,8413,26,False,mobile edit; mobile web edit; visualeditor
تیرتاوافن,34326103,34326100,3319,0,پرده بکارت,2022-03-21T20:46:14Z,,8697,284,False,mobile edit; mobile web edit
تیرتاوافن,34326119,34326103,3319,0,پرده بکارت,2022-03-21T20:49:39Z,,8997,300,False,mobile edit; mobile web edit; visualeditor
تیرتاوافن,34326125,34326119,3319,0,پرده بکارت,2022-03-21T20:50:36Z,,9006,9,False,mobile edit; mobile web edit; visualeditor
تیرتاوافن,34326138,34326125,3319,0,پرده بکارت,2022-03-21T20:51:54Z,/* انواع پرده‌های واژن */,8952,-54,False,mobile edit; mobile web edit
تیرتاوافن,34326139,34326138,3319,0,پرده بکارت,2022-03-21T20:52:27Z,/* انواع پرده‌های واژن */,8964,12,False,mobile edit; mobile web edit
تیرتاوافن,34333956,33644272,4636751,0,نوش‌آفرین آیرملو,2022-03-22T20:05:26Z,,18924,137,False,mobile edit; mobile app edit; android app edit
تیرتاوافن,34333990,34333956,4636751,0,نوش‌آفرین آیرملو,2022-03-22T20:13:23Z,,18873,-51,False,mobile edit; mobile app edit; android app edit; disambiguator-link-added
تیرتاوافن,34344711,34301113,213612,0,مسیح علی‌نژاد,2022-03-23T15:24:34Z,,32013,-42,False,mobile edit; mobile app edit; android app edit
تیرتاوافن,34344841,34344711,213612,0,مسیح علی‌نژاد,2022-03-23T15:28:51Z,,32017,4,False,mobile edit; mobile app edit; android app edit
تیرتاوافن,34344848,34344841,213612,0,مسیح علی‌نژاد,2022-03-23T15:29:42Z,,32047,30,False,mobile edit; mobile app edit; android app edit
تیرتاوافن,34362708,34022371,5910547,2,کاربر:راپانزل,2022-03-24T20:47:16Z,,232,25,False,mobile edit; mobile app edit; android app edit
تیرتاوافن,34362736,33892449,421871,0,برابری جنسیتی,2022-03-24T20:54:25Z,,18495,-18,False,mobile edit; mobile app edit; android app edit
تیرتاوافن,34374010,33852648,1132426,0,مدرسه (اسلام),2022-03-25T17:50:58Z,,3143,-21,False,mobile edit; mobile app edit; android app edit
تیرتاوافن,34374011,34374010,1132426,0,مدرسه (اسلام),2022-03-25T17:51:35Z,/* پیوند به بیرون */,3164,21,False,mobile edit; mobile app edit; android app edit
تیرتاوافن,34395453,34036002,139991,0,دین‌سالاری,2022-03-28T08:06:34Z,,10766,-46,False,mobile edit; mobile web edit
تیرتاوافن,34395471,31584634,420955,0,حکومت دینی در ایران,2022-03-28T08:09:08Z,,4923,-39,False,mobile edit; mobile web edit
تیرتاوافن,34395473,34395471,420955,0,حکومت دینی در ایران,2022-03-28T08:09:32Z,,4985,62,False,mobile edit; mobile web edit
تیرتاوافن,34395475,34395453,139991,0,دین‌سالاری,2022-03-28T08:09:54Z,,10766,0,False,mobile edit; mobile web edit
تیرتاوافن,34395556,23451974,259037,0,قانون حمایت از خانواده,2022-03-28T08:17:55Z,,914,-29,False,wikieditor
تیرتاوافن,34395569,34395556,259037,0,قانون حمایت از خانواده,2022-03-28T08:19:23Z,,896,-18,False,wikieditor
تیرتاوافن,34395578,0,5973268,1,بحث:قانون حمایت خانواده,2022-03-28T08:20:23Z,تیرتاوافن صفحهٔ [[بحث:قانون حمایت خانواده]] را به [[بحث:قانون حمایت از خانواده]] منتقل کرد,89,89,False,mw-new-redirect
تیرتاوافن,34395577,20915570,2992791,1,بحث:قانون حمایت از خانواده,2022-03-28T08:20:23Z,تیرتاوافن صفحهٔ [[بحث:قانون حمایت خانواده]] را به [[بحث:قانون حمایت از خانواده]] منتقل کرد,410,0,True,
تیرتاوافن,34395576,0,5973267,0,قانون حمایت خانواده,2022-03-28T08:20:23Z,تیرتاوافن صفحهٔ [[قانون حمایت خانواده]] را به [[قانون حمایت از خانواده]] منتقل کرد,82,82,False,mw-new-redirect
تیرتاوافن,34395575,34395569,259037,0,قانون حمایت از خانواده,2022-03-28T08:20:23Z,تیرتاوافن صفحهٔ [[قانون حمایت خانواده]] را به [[قانون حمایت از خانواده]] منتقل کرد,896,0,True,
تیرتاوافن,34395591,34323425,259038,0,قانون حمایت ا خانواده,2022-03-28T08:21:24Z,تغییر هدف تغییرمسیر از [[قانون حمایت خانواده]] به [[قانون حمایت از خانواده]],65,15,False,mw-changed-redirect-target; wikieditor
تیرتاوافن,34395597,5447950,792445,0,قانون حمايت خانواده,2022-03-28T08:21:58Z,تغییر هدف تغییرمسیر از [[قانون حمایت خانواده]] به [[قانون حمایت از خانواده]],65,5,False,mw-changed-redirect-target; wikieditor
تیرتاوافن,34395606,34395576,5973267,0,قانون حمایت خانواده,2022-03-28T08:23:03Z,,65,-17,False,wikieditor
تیرتاوافن,34418156,34392627,1759074,0,محمدعلی‌خان تجریشی,2022-04-01T09:18:21Z,,1948,-5,False,mobile edit; mobile app edit; android app edit
تیرتاوافن,34418224,34390713,1753652,0,جیران (همسر ناصرالدین‌شاه),2022-04-01T09:35:02Z,,24414,366,False,mobile edit; mobile web edit; متن دارای ویکی‌متن نامتناظر; visualeditor; mw-reverted
تیرتاوافن,34418258,34418224,1753652,0,جیران (همسر ناصرالدین‌شاه),2022-04-01T09:41:03Z,,24478,64,False,mobile edit; mobile web edit; mw-reverted
تیرتاوافن,34418389,34323396,259029,0,قانون حمایت از خانواده (۱۳۴۶),2022-04-01T10:01:27Z,,4833,-63,False,mobile edit; mobile web edit
تیرتاوافن,34418444,34418389,259029,0,قانون حمایت از خانواده (۱۳۴۶),2022-04-01T10:11:48Z,,4870,37,False,mobile edit; mobile web edit
تیرتاوافن,34418474,34418444,259029,0,قانون حمایت از خانواده (۱۳۴۶),2022-04-01T10:16:41Z,,4862,-8,False,mobile edit; mobile web edit
تیرتاوافن,34418480,34418474,259029,0,قانون حمایت از خانواده (۱۳۴۶),2022-04-01T10:17:13Z,/* طلاق */,4867,5,False,mobile edit; mobile web edit
تیرتاوافن,34418483,34418480,259029,0,قانون حمایت از خانواده (۱۳۴۶),2022-04-01T10:17:47Z,,4806,-61,False,mobile edit; mobile web edit
تیرتاوافن,34420614,30965305,2503457,0,ازدواج در یهودیت,2022-04-01T17:35:49Z,,5034,19,False,mobile edit; mobile app edit; android app edit
تیرتاوافن,34420619,34420614,2503457,0,ازدواج در یهودیت,2022-04-01T17:36:56Z,,5035,1,False,mobile edit; mobile app edit; android app edit
تیرتاوافن,34420631,34420619,2503457,0,ازدواج در یهودیت,2022-04-01T17:40:00Z,/* مراسم مذهبی */,5049,14,False,mobile edit; mobile app edit; android app edit
تیرتاوافن,34423824,33950458,5888843,0,فهرست فیلم‌های پویانمایی رایانه‌ای,2022-04-02T12:49:00Z,,104347,-15,False,mobile edit; mobile app edit; android app edit
تیرتاوافن,34423982,34423187,1753652,0,جیران (همسر ناصرالدین‌شاه),2022-04-02T13:42:14Z,به نسخهٔ 34423173 از [[ویژه:مشارکت‌ها/GodNey|GodNey]] ([[بحث کاربر:GodNey|بحث]]) برگردانده شد: حذف نام فرزندان و نام خود شخص ([[وپ:توینکل|توینکل]]),24478,139,False,متن دارای ویکی‌متن نامتناظر; mw-undo; mw-reverted
تیرتاوافن,34427147,34065947,31222,0,فوزیه,2022-04-03T07:47:32Z,,10839,-18,False,mobile edit; mobile app edit; android app edit
تیرتاوافن,34427158,34427147,31222,0,فوزیه,2022-04-03T07:49:08Z,,10839,0,False,mobile edit; mobile app edit; android app edit
تیرتاوافن,34427168,34427161,31222,0,فوزیه,2022-04-03T07:50:25Z,,10837,0,False,mobile edit; mobile app edit; android app edit
تیرتاوافن,34427210,34427168,31222,0,فوزیه,2022-04-03T07:57:07Z,,10819,-18,False,mobile edit; mobile app edit; android app edit
تیرتاوافن,34427236,34427210,31222,0,فوزیه,2022-04-03T08:01:09Z,,10790,-29,False,mobile edit; mobile app edit; android app edit
تیرتاوافن,34443255,34070928,116113,0,رادیو زمانه,2022-04-06T14:47:07Z,,18221,0,False,mobile edit; mobile app edit; android app edit
تیرتاوافن,34449332,34182247,355815,0,آسمان,2022-04-07T14:59:07Z,/* نرینگی آسمان در اساطیر جهان و ایران */,7372,10,False,mobile edit; mobile app edit; android app edit; disambiguator-link-added
تیرتاوافن,34449335,34449332,355815,0,آسمان,2022-04-07T15:00:15Z,/* نرینگی آسمان در اساطیر جهان و ایران */,7426,54,False,mobile edit; mobile app edit; android app edit
تیرتاوافن,34449341,34449335,355815,0,آسمان,2022-04-07T15:00:53Z,/* نرینگی آسمان در اساطیر جهان و ایران */,7412,-14,False,mobile edit; mobile app edit; android app edit
تیرتاوافن,34449456,34061893,116159,0,پورنوگرافی,2022-04-07T15:34:06Z,,29882,5,False,mobile edit; mobile app edit; android app edit
تیرتاوافن,34449460,34449456,116159,0,پورنوگرافی,2022-04-07T15:36:48Z,/* ریشه لغت */,29886,4,False,mobile edit; mobile app edit; android app edit
تیرتاوافن,34449520,34449460,116159,0,پورنوگرافی,2022-04-07T15:52:42Z,,30047,161,False,mobile edit; mobile app edit; android app edit
تیرتاوافن,34449530,34383223,2383456,0,بازیگر پورنوگرافی,2022-04-07T15:56:17Z,,9715,18,False,mobile edit; mobile app edit; android app edit
تیرتاوافن,34449537,34449530,2383456,0,بازیگر پورنوگرافی,2022-04-07T15:57:18Z,,9722,7,False,mobile edit; mobile app edit; android app edit
تیرتاوافن,34449573,34449520,116159,0,پورنوگرافی,2022-04-07T16:08:38Z,/* بازیگران */,30027,-20,False,mobile edit; mobile app edit; android app edit
تیرتاوافن,34449576,34449573,116159,0,پورنوگرافی,2022-04-07T16:10:14Z,/* بازیگران */,30020,-7,False,mobile edit; mobile app edit; android app edit
تیرتاوافن,34449598,34449576,116159,0,پورنوگرافی,2022-04-07T16:18:31Z,/* پانویس */,29980,-40,False,mobile edit; mobile app edit; android app edit
تیرتاوافن,34449599,34449598,116159,0,پورنوگرافی,2022-04-07T16:18:57Z,/* منابع */,29836,-144,False,mobile edit; mobile app edit; android app edit
تیرتاوافن,34450453,34408716,236035,0,اکس (شبکه اجتماعی),2022-04-07T20:17:30Z,,160397,9,False,mobile edit; mobile web edit
تیرتاوافن,34453759,34006884,3272990,0,پاندورا (ابهام‌زدایی),2022-04-08T10:58:01Z,,530,-30,False,mobile edit; mobile app edit; android app edit
تیرتاوافن,34455691,34270327,3384484,0,اما داروین,2022-04-08T18:26:32Z,,19235,2,False,mobile edit; mobile app edit; android app edit
تیرتاوافن,34455711,34188162,18296,0,چارلز داروین,2022-04-08T18:28:58Z,,73358,-4,False,mobile edit; mobile app edit; android app edit
تیرتاوافن,34459584,34304480,5178310,0,تیمورخان آیرملو,2022-04-09T13:19:40Z,,1554,45,False,mobile edit; mobile app edit; android app edit
تیرتاوافن,34461178,34281920,757,0,آلبرت اینشتین,2022-04-09T19:00:34Z,,206572,28,False,mobile edit; mobile app edit; android app edit
تیرتاوافن,34487508,34408274,12376,0,خدا,2022-04-13T13:33:52Z,,26825,-20,False,mobile edit; متن دارای ویکی‌متن نامتناظر; mobile app edit; android app edit
تیرتاوافن,34487789,33729779,888218,0,آریل,2022-04-13T14:15:39Z,,558,-28,False,mobile edit; mobile app edit; android app edit
تیرتاوافن,34487846,34325769,5950535,0,والت پیش از میکی,2022-04-13T14:33:32Z,,5738,-77,False,mobile edit; mobile app edit; android app edit
تیرتاوافن,34487870,34487846,5950535,0,والت پیش از میکی,2022-04-13T14:37:25Z,,5735,-3,False,mobile edit; mobile app edit; android app edit
تیرتاوافن,34509449,31686643,31249,0,سراب,2022-04-15T10:48:18Z,,11351,0,False,mobile edit; mobile app edit; android app edit
تیرتاوافن,34510133,34468923,3797331,0,تاج‌گذاری الیزابت دوم,2022-04-15T12:59:40Z,تیرتاوافن صفحهٔ [[تاجگذاری الیزابت دوم]] را به [[تاج‌گذاری الیزابت دوم]] منتقل کرد: تاج‌گذاری، نیم‌فاصله پرذدع,6565,0,True,
تیرتاوافن,34510135,34468898,4117573,1,بحث:تاج‌گذاری الیزابت دوم,2022-04-15T12:59:41Z,تیرتاوافن صفحهٔ [[بحث:تاجگذاری الیزابت دوم]] را به [[بحث:تاج‌گذاری الیزابت دوم]] منتقل کرد: تاج‌گذاری، نیم‌فاصله پرذدع,927,0,True,
تیرتاوافن,34510134,0,5993802,0,تاجگذاری الیزابت دوم,2022-04-15T12:59:41Z,تیرتاوافن صفحهٔ [[تاجگذاری الیزابت دوم]] را به [[تاج‌گذاری الیزابت دوم]] منتقل کرد: تاج‌گذاری، نیم‌فاصله پرذدع,82,82,False,mw-new-redirect
تیرتاوافن,34510136,0,5993803,1,بحث:تاجگذاری الیزابت دوم,2022-04-15T12:59:42Z,تیرتاوافن صفحهٔ [[بحث:تاجگذاری الیزابت دوم]] را به [[بحث:تاج‌گذاری الیزابت دوم]] منتقل کرد: تاج‌گذاری، نیم‌فاصله پرذدع,89,89,False,mw-new-redirect
تیرتاوافن,34510168,34510134,5993802,0,تاجگذاری الیزابت دوم,2022-04-15T13:09:41Z,,65,-17,False,visualeditor-switched; wikieditor
تیرتاوافن,34510234,34461776,3387239,0,جانی سینز,2022-04-15T13:20:52Z,,11754,-37,False,mobile edit; mobile app edit; android app edit
تیرتاوافن,34510309,34510234,3387239,0,جانی سینز,2022-04-15T13:28:38Z,,11751,-3,False,mobile edit; mobile app edit; android app edit
تیرتاوافن,34511582,34113629,140381,0,انقلاب,2022-04-15T17:50:31Z,,33650,-39,False,mobile edit; mobile app edit; android app edit
تیرتاوافن,34521443,34510133,3797331,0,تاج‌گذاری الیزابت دوم,2022-04-17T07:39:53Z,,6533,-32,False,mobile edit; mobile app edit; android app edit
تیرتاوافن,34521447,34521443,3797331,0,تاج‌گذاری الیزابت دوم,2022-04-17T07:40:24Z,,6531,-2,False,mobile edit; mobile app edit; android app edit
تیرتاوافن,34521483,34521447,3797331,0,تاج‌گذاری الیزابت دوم,2022-04-17T07:49:48Z,,6581,50,False,mobile edit; mobile app edit; android app edit
تیرتاوافن,34530146,34449599,116159,0,پورنوگرافی,2022-04-18T11:29:05Z,/* بازیگران */,29836,0,False,mobile edit; mobile app edit; android app edit
تیرتاوافن,34531144,34521483,3797331,0,تاج‌گذاری الیزابت دوم,2022-04-18T15:26:33Z,,6549,-32,False,mobile edit; mobile app edit; android app edit
تیرتاوافن,34531151,34531144,3797331,0,تاج‌گذاری الیزابت دوم,2022-04-18T15:32:50Z,,6512,-37,False,mobile edit; mobile app edit; android app edit
تیرتاوافن,34531163,34531151,3797331,0,تاج‌گذاری الیزابت دوم,2022-04-18T15:42:20Z,,6476,-36,False,mobile edit; mobile app edit; android app edit
تیرتاوافن,34531164,34531163,3797331,0,تاج‌گذاری الیزابت دوم,2022-04-18T15:43:00Z,,6477,1,False,mobile edit; mobile app edit; android app edit
تیرتاوافن,34531166,34531164,3797331,0,تاج‌گذاری الیزابت دوم,2022-04-18T15:44:33Z,,6475,-2,False,mobile edit; mobile app edit; android app edit
تیرتاوافن,34531175,34531166,3797331,0,تاج‌گذاری الیزابت دوم,2022-04-18T15:48:35Z,,6445,-30,False,mobile edit; mobile web edit; visualeditor
تیرتاوافن,34531181,34531175,3797331,0,تاج‌گذاری الیزابت دوم,2022-04-18T15:50:48Z,,6501,56,False,mobile edit; mobile web edit
تیرتاوافن,34531183,34531181,3797331,0,تاج‌گذاری الیزابت دوم,2022-04-18T15:52:33Z,انتقال به بخش دیگر,5758,-743,False,mobile edit; mobile web edit; همهٔ رده‌ها را حذف کرد
تیرتاوافن,34531184,34531183,3797331,0,تاج‌گذاری الیزابت دوم,2022-04-18T15:53:06Z,,6228,470,False,mobile edit; mobile web edit
تیرتاوافن,34543757,34270690,38287,0,الیزابت دوم,2022-04-20T06:32:22Z,,135519,38,False,mobile edit; متن دارای ویکی‌متن نامتناظر; mobile app edit; android app edit
تیرتاوافن,34547473,34543757,38287,0,الیزابت دوم,2022-04-20T19:48:02Z,,135516,-3,False,mobile edit; mobile app edit; android app edit; mw-reverted
تیرتاوافن,34556953,34508413,426610,0,رضاشاه,2022-04-22T12:18:08Z,,274289,2,False,mobile edit; mobile app edit; android app edit
تیرتاوافن,34569775,34505377,16241,0,بریتنی اسپیرز,2022-04-24T10:50:18Z,,200041,-122,False,mobile edit; mobile app edit; android app edit; mw-reverted
تیرتاوافن,34569823,34569775,16241,0,بریتنی اسپیرز,2022-04-24T10:59:44Z,,199897,-144,False,mobile edit; mobile app edit; android app edit; mw-reverted
تیرتاوافن,34575603,34280874,20697,0,افسانه,2022-04-25T10:39:42Z,,9128,-3,False,mobile edit; mobile app edit; android app edit
تیرتاوافن,34575743,34570351,1630884,0,ونسا پارادی,2022-04-25T10:58:05Z,,14400,-60,False,mobile edit; mobile app edit; android app edit
تیرتاوافن,34575932,34575743,1630884,0,ونسا پارادی,2022-04-25T11:13:33Z,,14216,-184,False,mobile edit; متن دارای ویکی‌متن نامتناظر; mobile app edit; android app edit
تیرتاوافن,34576014,34575932,1630884,0,ونسا پارادی,2022-04-25T11:24:18Z,,14148,-68,False,mobile edit; mobile app edit; android app edit
تیرتاوافن,34576042,34576014,1630884,0,ونسا پارادی,2022-04-25T11:28:23Z,,14168,20,False,mobile edit; mobile app edit; android app edit
تیرتاوافن,34576063,34576042,1630884,0,ونسا پارادی,2022-04-25T11:32:25Z,,14067,-101,False,mobile edit; mobile app edit; android app edit
تیرتاوافن,34576065,34576063,1630884,0,ونسا پارادی,2022-04-25T11:33:30Z,,13964,-103,False,mobile edit; mobile app edit; android app edit
تیرتاوافن,34578430,34045946,5887818,4,ویکی‌پدیا:ویکی‌پروژه دیزنی/برای‌انجام,2022-04-25T19:07:37Z,/* باید ایجاد شود */,6276,-123,False,mobile edit; mobile web edit
تیرتاوافن,34578827,10998009,1102735,10,الگو:Internet Archive short film,2022-04-25T20:23:58Z,,927,33,False,mobile edit; mobile web edit
تیرتاوافن,34578828,34578827,1102735,10,الگو:Internet Archive short film,2022-04-25T20:24:20Z,,933,6,False,mobile edit; mobile web edit
تیرتاوافن,34579165,34578430,5887818,4,ویکی‌پدیا:ویکی‌پروژه دیزنی/برای‌انجام,2022-04-25T21:31:26Z,/* باید ایجاد شود */,6213,-63,False,wikieditor
تیرتاوافن,34579184,34449662,5887841,4,ویکی‌پدیا:ویکی‌پروژه دیزنی/انجام‌شده,2022-04-25T21:34:49Z,/* س */,6164,80,False,wikieditor
تیرتاوافن,34581594,34578828,1102735,10,الگو:Internet Archive short film,2022-04-26T10:08:24Z,,931,-2,False,wikieditor
تیرتاوافن,34582574,0,6002834,0,یک داستان با بل برایم بخوان,2022-04-26T13:53:13Z,ایجاد شده به‌واسطهٔ ترجمهٔ صفحهٔ «[[:en:Special:Redirect/revision/1084476809|Sing Me a Story with Belle]]»,3299,3299,False,contenttranslation; افزودن پیوند بیرونی به جای ویکی‌پیوند; contenttranslation-v2
تیرتاوافن,34582593,34582574,6002834,0,یک داستان با بل برایم بخوان,2022-04-26T13:54:43Z,,2777,-522,False,mobile edit; mobile web edit
تیرتاوافن,34582617,34582593,6002834,0,یک داستان با بل برایم بخوان,2022-04-26T14:00:48Z,/* پیوند به بیرون */,2862,85,False,mobile edit; mobile web edit
تیرتاوافن,34582621,34582617,6002834,0,یک داستان با بل برایم بخوان,2022-04-26T14:01:47Z,/* پیوند به بیرون */,2884,22,False,mobile edit; mobile web edit
تیرتاوافن,34582629,34582621,6002834,0,یک داستان با بل برایم بخوان,2022-04-26T14:04:22Z,,4599,1715,False,mobile edit; mobile web edit
تیرتاوافن,34582664,34582629,6002834,0,یک داستان با بل برایم بخوان,2022-04-26T14:13:48Z,,4778,179,False,mobile edit; mobile web edit; متن دارای ویکی‌متن نامتناظر; visualeditor
تیرتاوافن,34582668,34582664,6002834,0,یک داستان با بل برایم بخوان,2022-04-26T14:14:14Z,,4803,25,False,mobile edit; mobile web edit
تیرتاوافن,34611242,34235685,291078,0,زلیخا,2022-04-30T16:25:49Z,,1921,-96,False,mobile edit; mobile app edit; android app edit
تیرتاوافن,34611276,0,6006718,0,شاهزاده مصر,2022-04-30T16:30:12Z,تیرتاوافن صفحهٔ [[شاهزاده مصر]] را به [[عزیز مصر (فیلم)]] منتقل کرد: در ایران به عزیر مصر معروف است، به دلیل دوبله.,67,67,False,mw-new-redirect
تیرتاوافن,34611275,33728717,3354687,0,عزیز مصر (فیلم),2022-04-30T16:30:12Z,تیرتاوافن صفحهٔ [[شاهزاده مصر]] را به [[عزیز مصر (فیلم)]] منتقل کرد: در ایران به عزیر مصر معروف است، به دلیل دوبله.,7572,0,True,
تیرتاوافن,34611278,0,6006719,1,بحث:شاهزاده مصر,2022-04-30T16:30:13Z,تیرتاوافن صفحهٔ [[بحث:شاهزاده مصر]] را به [[بحث:عزیز مصر (فیلم)]] منتقل کرد: در ایران به عزیر مصر معروف است، به دلیل دوبله.,74,74,False,mw-new-redirect
تیرتاوافن,34611277,20827986,4165461,1,بحث:عزیز مصر (فیلم),2022-04-30T16:30:13Z,تیرتاوافن صفحهٔ [[بحث:شاهزاده مصر]] را به [[بحث:عزیز مصر (فیلم)]] منتقل کرد: در ایران به عزیر مصر معروف است، به دلیل دوبله.,567,0,True,
تیرتاوافن,34611431,34611275,3354687,0,عزیز مصر (فیلم),2022-04-30T17:05:45Z,,7838,266,False,mobile edit; mobile app edit; android app edit
تیرتاوافن,34611450,34611431,3354687,0,عزیز مصر (فیلم),2022-04-30T17:10:23Z,,7829,-9,False,mobile edit; mobile app edit; android app edit
تیرتاوافن,34611503,34611450,3354687,0,عزیز مصر (فیلم),2022-04-30T17:16:32Z,,7827,-2,False,mobile edit; mobile app edit; android app edit; mw-reverted
تیرتاوافن,34611551,34511110,321880,0,ریف فاینز,2022-04-30T17:20:35Z,تیرتاوافن صفحهٔ [[ریف فاینز]] را به [[رالف فاینز]] که تغییرمسیر بود منتقل کرد: نام انگلیسی این شخص به صورت ralph نوشته می‌شود که این کلمه رالف ترجمه می‌شود,15090,0,True,
تیرتاوافن,34611553,29253912,816287,1,بحث:ریف فاینز,2022-04-30T17:20:36Z,تیرتاوافن صفحهٔ [[بحث:ریف فاینز]] را به [[بحث:رالف فاینز]] که تغییرمسیر بود منتقل کرد: نام انگلیسی این شخص به صورت ralph نوشته می‌شود که این کلمه رالف ترجمه می‌شود,1926,0,True,
تیرتاوافن,34611593,34611551,321880,0,ریف فاینز,2022-04-30T17:24:20Z,,15090,0,False,visualeditor
تیرتاوافن,34611629,34611593,321880,0,ریف فاینز,2022-04-30T17:28:34Z,,15079,-11,False,visualeditor-switched; wikieditor
تیرتاوافن,34611650,34611629,321880,0,ریف فاینز,2022-04-30T17:32:05Z,,15078,-1,False,wikieditor
تیرتاوافن,34615869,34576923,363566,0,باب‌اسفنجی شلوارمکعبی,2022-05-01T10:13:04Z,,20584,-100,False,mobile edit; متن دارای ویکی‌متن نامتناظر; mobile app edit; android app edit
تیرتاوافن,34621189,34615547,5885051,0,مرگ‌ها در ۲۰۲۲,2022-05-02T07:51:39Z,/* فوریه */,86460,13,False,mobile edit; mobile app edit; android app edit
تیرتاوافن,34621773,34609104,3339322,0,حجاب اجباری در ایران,2022-05-02T10:02:06Z,,79623,362,False,visualeditor
تیرتاوافن,34621797,34621773,3339322,0,حجاب اجباری در ایران,2022-05-02T10:09:27Z,,79395,-228,False,visualeditor-switched; wikieditor
تیرتاوافن,34622024,34431091,968966,4,ویکی‌پدیا:ویکی‌پدیانویسان ناپیدا,2022-05-02T10:52:26Z,/* ۲۰۲۲ */,20858,279,False,mobile edit; mobile web edit
تیرتاوافن,34622079,34620077,4058618,3,بحث کاربر:The Ocean,2022-05-02T11:09:42Z,/* ناپیدا */ بخش جدید,3873,418,False,mobile edit; mobile app edit; android app edit; mw-reverted; discussiontools-added-comment
تیرتاوافن,34622082,34622079,4058618,3,بحث کاربر:The Ocean,2022-05-02T11:11:04Z,,3876,3,False,mobile edit; mobile app edit; android app edit; mw-reverted
تیرتاوافن,34629440,22536388,2694023,0,شریک زندگی,2022-05-03T10:58:05Z,,1043,70,False,mobile edit; mobile app edit; android app edit
تیرتاوافن,34640776,34622024,968966,4,ویکی‌پدیا:ویکی‌پدیانویسان ناپیدا,2022-05-05T07:26:26Z,/* ویکی‌پدیانویسان ناپیدا */,20600,-258,False,mobile edit; mobile app edit; android app edit
تیرتاوافن,34640967,30826746,489409,0,خداباوری,2022-05-05T08:12:26Z,,2299,16,False,mobile edit; mobile app edit; android app edit
تیرتاوافن,34640981,34640967,489409,0,خداباوری,2022-05-05T08:16:29Z,/* انواع */,2330,31,False,mobile edit; mobile app edit; android app edit
تیرتاوافن,34640984,34640981,489409,0,خداباوری,2022-05-05T08:17:23Z,/* انواع */,2329,-1,False,mobile edit; mobile app edit; android app edit
تیرتاوافن,34640989,34640984,489409,0,خداباوری,2022-05-05T08:18:06Z,/* انواع */,2343,14,False,mobile edit; mobile app edit; android app edit
تیرتاوافن,34643449,34582668,6002834,0,یک داستان با بل برایم بخوان,2022-05-05T16:13:10Z,,4979,176,False,متن دارای ویکی‌متن نامتناظر; visualeditor
تیرتاوافن,34646491,34643357,5103424,0,اعتراضات آبان ۱۳۹۸ ایران,2022-05-06T07:29:09Z,,264982,-53,False,mobile edit; mobile app edit; android app edit
تیرتاوافن,34646499,34175366,5865954,2,کاربر:تیرتاوافن/صفحه تمرین,2022-05-06T07:30:35Z,,279,-281,False,mobile edit; mobile web edit
تیرتاوافن,34646502,34646499,5865954,2,کاربر:تیرتاوافن/صفحه تمرین,2022-05-06T07:30:53Z,صفحه را خالی کرد,0,-279,False,mobile edit; mobile web edit; mw-blank; mw-manual-revert
تیرتاوافن,34647029,33750802,2212396,0,آزمون شخصیت مایرز–بریگز,2022-05-06T09:32:25Z,,10732,55,False,mobile edit; mobile app edit; android app edit
تیرتاوافن,34647448,34444539,50253,0,اعلامیه جهانی حقوق بشر,2022-05-06T10:52:49Z,/* متن اعلامیهٔ جهانی حقوق بشر */,43703,3,False,mobile edit; mobile app edit; android app edit
تیرتاوافن,34679091,34678966,4058618,3,بحث کاربر:The Ocean,2022-05-10T19:17:33Z,/* خوش برگشتید! */ بخش جدید,7323,919,False,mobile edit; mobile app edit; android app edit; discussiontools-added-comment
تیرتاوافن,34679449,34679164,4058618,3,بحث کاربر:The Ocean,2022-05-10T20:10:17Z,,8308,360,False,mobile edit; mobile app edit; android app edit; discussiontools-added-comment
تیرتاوافن,34684057,34684033,5865475,3,بحث کاربر:تیرتاوافن,2022-05-11T15:06:02Z,,37320,539,False,mobile edit; mobile app edit; android app edit; discussiontools-added-comment
تیرتاوافن,34684146,34684091,5865475,3,بحث کاربر:تیرتاوافن,2022-05-11T15:21:16Z,,39575,496,False,mobile edit; mobile app edit; android app edit; discussiontools-added-comment
تیرتاوافن,34684328,34684286,5865475,3,بحث کاربر:تیرتاوافن,2022-05-11T15:52:14Z,,41264,753,False,mobile edit; mobile app edit; android app edit; discussiontools-added-comment
تیرتاوافن,34685765,34679449,4058618,3,بحث کاربر:The Ocean,2022-05-11T20:13:48Z,/* یک داستان با بل برایم بخوان */ بخش جدید,8914,606,False,mobile edit; mobile web edit; discussiontools-added-comment
تیرتاوافن,34685770,34325046,5886673,2,کاربر:تیرتاوافن,2022-05-11T20:14:16Z,,5543,-2110,False,mobile edit; mobile web edit
تیرتاوافن,34685771,34685770,5886673,2,کاربر:تیرتاوافن,2022-05-11T20:14:26Z,جایگزینی صفحه با '{{مرخصی}}  == آمار == {{تاریخ مشارکت کاربر|سال=۲۰۲۱|ماه=۱۱|روز=۲۸}} {{ساعت UTC}} {{کاربر تاریخ ۲}} {{مشارکت کاربر|۱٫۰۰۰}} {{کاربر:جعبه کاربر/مقاله‌های ساخته کاربر|۱۰}} {{کاربر:جعبه کاربر/سن ۱۸}} {{کاربر زن}} {{کاربر بهمن}}  {{کاربر:جعبه کاربر/۱ میلیون مقاله}}',428,-5115,False,mobile edit; mobile web edit; mw-replace
تیرتاوافن,34685773,34685771,5886673,2,کاربر:تیرتاوافن,2022-05-11T20:14:44Z,جایگزینی صفحه با '{{مرخصی}}',14,-414,False,mobile edit; mobile web edit; mw-replace
تیرتاوافن,34692873,33520816,964294,0,روسپی‌خانه,2022-05-13T07:59:30Z,تیرتاوافن صفحهٔ [[روسپی‌خانه]] را به [[فاحشه‌خانه]] که تغییرمسیر بود منتقل کرد: عنوان فاحشه‌خانه، سرشناس‌تر است.,3300,0,True,
تیرتاوافن,34692875,20728352,2494297,1,بحث:روسپی‌خانه,2022-05-13T07:59:31Z,تیرتاوافن صفحهٔ [[بحث:روسپی‌خانه]] را به [[بحث:فاحشه‌خانه]] منتقل کرد: عنوان فاحشه‌خانه، سرشناس‌تر است.,546,0,True,
تیرتاوافن,34694060,34565357,35346,0,جهاد,2022-05-13T11:31:59Z,,9432,-2,False,mobile edit; mobile app edit; android app edit
تیرتاوافن,34700482,34415598,18049,0,فریده قطبی,2022-05-14T15:19:46Z,,14425,-993,False,mobile edit; mobile web edit; visualeditor; mw-manual-revert; mw-reverted
تیرتاوافن,34701273,34700508,18049,0,فریده قطبی,2022-05-14T16:39:29Z,خنثی‌سازی ویرایش 34700508 از [[Special:Contributions/Luckie Luke|Luckie Luke]] ([[User talk:Luckie Luke|بحث]]),14425,-993,False,mw-undo; wikieditor
تیرتاوافن,34701304,34701273,18049,0,فریده قطبی,2022-05-14T16:40:49Z,,12558,-1867,False,mobile edit; mobile web edit
تیرتاوافن,34701354,34701304,18049,0,فریده قطبی,2022-05-14T16:43:35Z,,12583,25,False,mobile edit; mobile web edit
تیرتاوافن,34701366,34701354,18049,0,فریده قطبی,2022-05-14T16:43:59Z,,12575,-8,False,mobile edit; mobile web edit
تیرتاوافن,34701738,34701366,18049,0,فریده قطبی,2022-05-14T17:44:24Z,,12874,299,False,mobile edit; mobile app edit; android app edit
تیرتاوافن,34701755,34701738,18049,0,فریده قطبی,2022-05-14T17:46:05Z,,12896,22,False,mobile edit; mobile app edit; android app edit
تیرتاوافن,34701811,34701755,18049,0,فریده قطبی,2022-05-14T17:51:22Z,,12962,66,False,mobile edit; mobile app edit; android app edit
تیرتاوافن,34701825,34701811,18049,0,فریده قطبی,2022-05-14T17:53:32Z,,12988,26,False,mobile edit; mobile web edit
تیرتاوافن,34701829,34646502,5865954,2,کاربر:تیرتاوافن/صفحه تمرین,2022-05-14T17:54:24Z,,63,63,False,mobile edit; mobile web edit
تیرتاوافن,34702387,34685773,5886673,2,کاربر:تیرتاوافن,2022-05-14T19:19:03Z,,144,130,False,mobile edit; mobile web edit; visualeditor
تیرتاوافن,34702389,34702387,5886673,2,کاربر:تیرتاوافن,2022-05-14T19:19:15Z,,146,2,False,mobile edit; mobile web edit; visualeditor
تیرتاوافن,34702396,34685968,4058618,3,بحث کاربر:The Ocean,2022-05-14T19:20:03Z,,9395,176,False,mobile edit; mobile web edit; discussiontools-added-comment
تیرتاوافن,34702462,34579184,5887841,4,ویکی‌پدیا:ویکی‌پروژه دیزنی/انجام‌شده,2022-05-14T19:32:40Z,,6261,97,False,mobile edit; mobile web edit
تیرتاوافن,34702475,34419924,5887935,4,ویکی‌پدیا:ویکی‌پروژه دیزنی/زیرپروژه‌ها,2022-05-14T19:34:44Z,/* پیوندهای سرخ مرتبط با پرنسس دیزنی */,7609,-88,False,mobile edit; mobile web edit
تیرتاوافن,34705835,33788812,4800220,0,سهراب دیبا,2022-05-15T10:04:21Z,جایگزینی الگوی جعبه اطلاعات,3205,-1227,False,mobile edit; mobile web edit; حذف حجم زیادی از مطالب منبع‌دار
تیرتاوافن,34705883,34705835,4800220,0,سهراب دیبا,2022-05-15T10:14:28Z,,3687,482,False,mobile edit; mobile web edit; visualeditor
تیرتاوافن,34705895,34705883,4800220,0,سهراب دیبا,2022-05-15T10:16:35Z,,3703,16,False,mobile edit; mobile web edit; visualeditor
تیرتاوافن,34705909,34705895,4800220,0,سهراب دیبا,2022-05-15T10:20:31Z,,3686,-17,False,mobile edit; mobile web edit
تیرتاوافن,34706769,34684703,5865475,3,بحث کاربر:تیرتاوافن,2022-05-15T12:28:23Z,,38790,-2761,False,mobile edit; mobile web edit
تیرتاوافن,34706777,34702389,5886673,2,کاربر:تیرتاوافن,2022-05-15T12:29:45Z,,150,4,False,mobile edit; mobile web edit
تیرتاوافن,34706967,34697491,33589,0,زن,2022-05-15T13:04:34Z,,177779,-404,False,mobile edit; mobile web edit
تیرتاوافن,34706968,34706967,33589,0,زن,2022-05-15T13:05:04Z,,178183,404,False,mobile edit; mobile web edit
تیرتاوافن,34707052,34706968,33589,0,زن,2022-05-15T13:19:55Z,,177729,-454,False,mobile edit; mobile web edit
تیرتاوافن,34707097,34631247,27404,0,وینستون چرچیل,2022-05-15T13:29:08Z,,30021,8,False,mobile edit; mobile app edit; android app edit
تیرتاوافن,34707103,34707052,33589,0,زن,2022-05-15T13:30:38Z,,177653,-76,False,mobile edit; mobile web edit
تیرتاوافن,34707739,34672541,396163,0,آرامگاه رضاشاه,2022-05-15T15:27:46Z,,11363,-26,False,mobile edit; mobile app edit; android app edit
تیرتاوافن,34707748,34623104,50049,0,شهر ری,2022-05-15T15:30:45Z,,70052,-182,False,mobile edit; mobile app edit; android app edit
تیرتاوافن,34707756,34707739,396163,0,آرامگاه رضاشاه,2022-05-15T15:32:35Z,/* انتقال جسد به آرامگاه در تهران */,11364,1,False,mobile edit; mobile app edit; android app edit
تیرتاوافن,34707768,34707756,396163,0,آرامگاه رضاشاه,2022-05-15T15:36:50Z,/* تخریب */,11386,22,False,mobile edit; mobile app edit; android app edit
تیرتاوافن,34707770,34707768,396163,0,آرامگاه رضاشاه,2022-05-15T15:37:40Z,/* تخریب */,11363,-23,False,mobile edit; mobile app edit; android app edit
تیرتاوافن,34707786,34707770,396163,0,آرامگاه رضاشاه,2022-05-15T15:40:56Z,/* خاطرات خلخالی */,11302,-61,False,mobile edit; mobile app edit; android app edit
تیرتاوافن,34707791,34707786,396163,0,آرامگاه رضاشاه,2022-05-15T15:41:56Z,/* خاطرات خلخالی */,11237,-65,False,mobile edit; mobile app edit; android app edit
تیرتاوافن,34707798,34707791,396163,0,آرامگاه رضاشاه,2022-05-15T15:43:45Z,/* اردیبهشت ۱۳۹۷ */,11233,-4,False,mobile edit; mobile app edit; android app edit
تیرتاوافن,34707814,34707798,396163,0,آرامگاه رضاشاه,2022-05-15T15:47:28Z,,11231,-2,False,mobile edit; mobile app edit; android app edit
تیرتاوافن,34707819,34707814,396163,0,آرامگاه رضاشاه,2022-05-15T15:48:07Z,,11264,33,False,mobile edit; mobile app edit; android app edit
تیرتاوافن,34707822,34707819,396163,0,آرامگاه رضاشاه,2022-05-15T15:49:04Z,,11262,-2,False,mobile edit; mobile app edit; android app edit
تیرتاوافن,34707833,34707822,396163,0,آرامگاه رضاشاه,2022-05-15T15:51:02Z,/* خاطرات خلخالی */,11278,16,False,mobile edit; mobile app edit; android app edit
تیرتاوافن,34707850,34707833,396163,0,آرامگاه رضاشاه,2022-05-15T15:54:02Z,/* تخریب */,11283,5,False,mobile edit; mobile app edit; android app edit
تیرتاوافن,34707873,34707850,396163,0,آرامگاه رضاشاه,2022-05-15T15:58:52Z,/* پیوند به بیرون */,11267,-16,False,mobile edit; mobile app edit; android app edit
تیرتاوافن,34707960,34707873,396163,0,آرامگاه رضاشاه,2022-05-15T16:14:43Z,/* پیوند به بیرون */,11185,-82,False,mobile edit; mobile app edit; android app edit
تیرتاوافن,34712547,34712268,410837,0,سید عبدالله فاطمی‌نیا,2022-05-16T11:40:06Z,,16603,-105,False,mobile edit; mobile app edit; android app edit
تیرتاوافن,34712552,34712547,410837,0,سید عبدالله فاطمی‌نیا,2022-05-16T11:42:11Z,,16619,16,False,mobile edit; mobile app edit; android app edit
تیرتاوافن,34712601,34712552,410837,0,سید عبدالله فاطمی‌نیا,2022-05-16T11:52:22Z,,16707,88,False,mobile edit; mobile web edit; متن دارای ویکی‌متن نامتناظر; visualeditor
تیرتاوافن,34712627,34712601,410837,0,سید عبدالله فاطمی‌نیا,2022-05-16T11:57:29Z,,16575,-132,False,mobile edit; mobile web edit
تیرتاوافن,34712636,34712627,410837,0,سید عبدالله فاطمی‌نیا,2022-05-16T11:58:39Z,,16635,60,False,mobile edit; mobile web edit; متن دارای ویکی‌متن نامتناظر; visualeditor
تیرتاوافن,34712695,34712636,410837,0,سید عبدالله فاطمی‌نیا,2022-05-16T12:11:33Z,,17483,848,False,mobile edit; mobile web edit; متن دارای ویکی‌متن نامتناظر; visualeditor
تیرتاوافن,34712705,34712695,410837,0,سید عبدالله فاطمی‌نیا,2022-05-16T12:13:25Z,,17042,-441,False,mobile edit; mobile web edit; متن دارای ویکی‌متن نامتناظر; visualeditor
تیرتاوافن,34712740,34712705,410837,0,سید عبدالله فاطمی‌نیا,2022-05-16T12:20:10Z,,17532,490,False,mobile edit; mobile web edit; متن دارای ویکی‌متن نامتناظر
تیرتاوافن,34712757,34712740,410837,0,سید عبدالله فاطمی‌نیا,2022-05-16T12:23:15Z,,17533,1,False,mobile edit; mobile web edit
تیرتاوافن,34712793,34712757,410837,0,سید عبدالله فاطمی‌نیا,2022-05-16T12:28:25Z,,17536,3,False,mobile edit; mobile web edit; متن دارای ویکی‌متن نامتناظر; visualeditor
تیرتاوافن,34712809,34712793,410837,0,سید عبدالله فاطمی‌نیا,2022-05-16T12:32:15Z,,17434,-102,False,mobile edit; mobile web edit; متن دارای ویکی‌متن نامتناظر; visualeditor
تیرتاوافن,34712830,34712809,410837,0,سید عبدالله فاطمی‌نیا,2022-05-16T12:36:48Z,,17453,19,False,mobile edit; mobile web edit; visualeditor
تیرتاوافن,34712836,34712830,410837,0,سید عبدالله فاطمی‌نیا,2022-05-16T12:38:51Z,,17424,-29,False,mobile edit; mobile web edit; متن دارای ویکی‌متن نامتناظر; visualeditor
تیرتاوافن,34712956,34712836,410837,0,سید عبدالله فاطمی‌نیا,2022-05-16T13:00:39Z,,17608,184,False,mobile edit; mobile web edit; متن دارای ویکی‌متن نامتناظر; جمع عربی واژگان فارسی
تیرتاوافن,34712964,34712956,410837,0,سید عبدالله فاطمی‌نیا,2022-05-16T13:02:34Z,,17394,-214,False,mobile edit; mobile web edit; متن دارای ویکی‌متن نامتناظر; visualeditor
تیرتاوافن,34712972,34712964,410837,0,سید عبدالله فاطمی‌نیا,2022-05-16T13:04:18Z,,17357,-37,False,mobile edit; mobile web edit; متن دارای ویکی‌متن نامتناظر; visualeditor
تیرتاوافن,34712983,34712972,410837,0,سید عبدالله فاطمی‌نیا,2022-05-16T13:11:02Z,,17189,-168,False,mobile edit; mobile web edit; متن دارای ویکی‌متن نامتناظر; visualeditor
تیرتاوافن,34712991,34712983,410837,0,سید عبدالله فاطمی‌نیا,2022-05-16T13:13:39Z,,17143,-46,False,mobile edit; mobile web edit; visualeditor
تیرتاوافن,34712999,34712991,410837,0,سید عبدالله فاطمی‌نیا,2022-05-16T13:14:26Z,,17099,-44,False,mobile edit; mobile web edit; visualeditor
تیرتاوافن,34713004,34712999,410837,0,سید عبدالله فاطمی‌نیا,2022-05-16T13:15:40Z,,17070,-29,False,mobile edit; mobile web edit; visualeditor
تیرتاوافن,34714029,34710342,4058618,3,بحث کاربر:The Ocean,2022-05-16T16:30:18Z,/* از شما چند سؤال دارم */ بخش جدید,12687,1622,False,mobile edit; mobile web edit; discussiontools-added-comment
تیرتاوافن,34723024,34049530,444075,0,سینمای کلاسیک هالیوود,2022-05-18T07:04:37Z,,26358,15,False,mobile edit; mobile app edit; android app edit; mw-reverted
تیرتاوافن,34723039,34723024,444075,0,سینمای کلاسیک هالیوود,2022-05-18T07:06:41Z,/* عصر طلایی */,26347,-11,False,mobile edit; mobile app edit; android app edit; mw-reverted
تیرتاوافن,34726718,34695738,6963,0,اندونزی,2022-05-18T17:32:22Z,,49263,-56,False,mobile edit; mobile app edit; android app edit
تیرتاوافن,34733251,34657726,123116,0,روابط ایالات متحده آمریکا و ایران,2022-05-19T16:21:41Z,/* دوران پس از انقلاب ایران */,177118,-63,False,mobile edit; متن دارای ویکی‌متن نامتناظر; mobile app edit; android app edit
تیرتاوافن,34733257,34733251,123116,0,روابط ایالات متحده آمریکا و ایران,2022-05-19T16:22:57Z,/* حکومت محمدرضا شاه پهلوی */,177121,3,False,mobile edit; mobile app edit; android app edit
تیرتاوافن,34733656,34733257,123116,0,روابط ایالات متحده آمریکا و ایران,2022-05-19T17:34:43Z,/* فرمانروایی محمدرضا پهلوی */,177095,-26,False,mobile edit; mobile app edit; android app edit
تیرتاوافن,34737573,33935650,31096,4,ویکی‌پدیا:صفحه‌کلید فارسی,2022-05-20T07:47:29Z,/* تفاوت‌های صفحه‌کلید استاندارد فارسی با صفحه‌کلید مایکروسافت */,19579,13,False,wikieditor
تیرتاوافن,34737577,34737573,31096,4,ویکی‌پدیا:صفحه‌کلید فارسی,2022-05-20T07:48:30Z,/* تفاوت‌های صفحه‌کلید استاندارد فارسی با صفحه‌کلید مایکروسافت */,19579,0,False,wikieditor
تیرتاوافن,34739056,27677014,3455942,2,کاربر:Arian,2022-05-20T11:19:06Z,فارسی بهتر است و قابل‌فهم‌تر.,5227,-9,False,mobile edit; mobile app edit; android app edit
تیرتاوافن,34739063,34739056,3455942,2,کاربر:Arian,2022-05-20T11:19:39Z,,5229,2,False,mobile edit; mobile app edit; android app edit
تیرتاوافن,34744303,34544359,12990,0,مایکل جکسون,2022-05-21T05:35:23Z,,231518,44,False,visualeditor
تیرتاوافن,34744346,34744303,12990,0,مایکل جکسون,2022-05-21T05:42:22Z,,231538,20,False,visualeditor
تیرتاوافن,34744427,34744346,12990,0,مایکل جکسون,2022-05-21T06:01:15Z,/* درگذشت */,231549,11,False,visualeditor
تیرتاوافن,34744450,34744427,12990,0,مایکل جکسون,2022-05-21T06:05:06Z,/* جایزه‌ها و دستاوردها */,231510,-39,False,visualeditor-switched; wikieditor
تیرتاوافن,34744480,34744450,12990,0,مایکل جکسون,2022-05-21T06:10:42Z,/* پیوند به بیرون */,231509,-1,False,wikieditor
تیرتاوافن,34744513,32242658,3429117,0,جدایی بدون طلاق,2022-05-21T06:17:05Z,,2622,-11,False,wikieditor
تیرتاوافن,34745269,34744480,12990,0,مایکل جکسون,2022-05-21T08:05:03Z,/* درگذشت */,231461,-48,False,wikieditor
تیرتاوافن,34745298,28058642,408942,0,باید آنجا باشم (آلبوم),2022-05-21T08:09:56Z,تیرتاوافن صفحهٔ [[باید آنجا باشم]] را به [[باید آنجا باشم (آلبوم)]] که تغییرمسیر بود منتقل کرد: با ترانه‌ای به همین نام اشتباه می‌شود.,2729,0,True,
تیرتاوافن,34745301,0,6022970,1,بحث:باید آنجا باشم,2022-05-21T08:09:57Z,تیرتاوافن صفحهٔ [[بحث:باید آنجا باشم]] را به [[بحث:باید آنجا باشم (آلبوم)]] که تغییرمسیر بود منتقل کرد: با ترانه‌ای به همین نام اشتباه می‌شود.,87,87,False,mw-new-redirect
تیرتاوافن,34745300,20524697,3046636,1,بحث:باید آنجا باشم (آلبوم),2022-05-21T08:09:57Z,تیرتاوافن صفحهٔ [[بحث:باید آنجا باشم]] را به [[بحث:باید آنجا باشم (آلبوم)]] که تغییرمسیر بود منتقل کرد: با ترانه‌ای به همین نام اشتباه می‌شود.,395,0,True,
تیرتاوافن,34745299,0,6022969,0,باید آنجا باشم,2022-05-21T08:09:57Z,تیرتاوافن صفحهٔ [[باید آنجا باشم]] را به [[باید آنجا باشم (آلبوم)]] که تغییرمسیر بود منتقل کرد: با ترانه‌ای به همین نام اشتباه می‌شود.,80,80,False,mw-new-redirect
تیرتاوافن,34745354,16261144,552689,0,بايد آنجا باشم (آلبوم),2022-05-21T08:16:45Z,تغییر هدف تغییرمسیر از [[باید آنجا باشم]] به [[باید آنجا باشم (آلبوم)]],63,12,False,mw-changed-redirect-target; mw-manual-revert; wikieditor
تیرتاوافن,34745361,16261145,1023068,0,باید انجا باشم (البوم),2022-05-21T08:17:56Z,تغییر هدف تغییرمسیر از [[باید آنجا باشم]] به [[باید آنجا باشم (آلبوم)]],64,13,False,mw-changed-redirect-target; wikieditor
تیرتاوافن,34745365,16261146,1359945,0,بايد انجا باشم (البوم),2022-05-21T08:18:44Z,تغییر هدف تغییرمسیر از [[باید آنجا باشم]] به [[باید آنجا باشم (آلبوم)]],64,13,False,mw-changed-redirect-target; wikieditor
تیرتاوافن,34745393,34319992,1118196,0,پری دریایی کوچولو (ابهام‌زدایی),2022-05-21T08:23:28Z,,688,0,False,wikieditor
تیرتاوافن,34745410,34745299,6022969,0,باید آنجا باشم,2022-05-21T08:24:53Z,تغییرمسیر به [[باید آنجا باشم (آلبوم)]] حذف شد,202,122,False,mw-removed-redirect; wikieditor
تیرتاوافن,34745417,34745298,408942,0,باید آنجا باشم (آلبوم),2022-05-21T08:25:43Z,,2731,2,False,mw-reverted; disambiguator-link-added; wikieditor
تیرتاوافن,34745611,34573717,317916,0,تاریخ: گذشته، حال و آینده، کتاب یکم,2022-05-21T08:53:35Z,,8816,-322,False,متن دارای ویکی‌متن نامتناظر; wikieditor
تیرتاوافن,34745627,0,6023003,0,هیستوری,2022-05-21T08:55:37Z,تیرتاوافن صفحهٔ [[هیستوری]] را به [[تاریخ: گذشته، حال و آینده، کتاب یکم]] که تغییرمسیر بود منتقل کرد: فارسی‌سازی عنوان,104,104,False,mw-new-redirect
تیرتاوافن,34745626,34745611,317916,0,تاریخ: گذشته، حال و آینده، کتاب یکم,2022-05-21T08:55:37Z,تیرتاوافن صفحهٔ [[هیستوری]] را به [[تاریخ: گذشته، حال و آینده، کتاب یکم]] که تغییرمسیر بود منتقل کرد: فارسی‌سازی عنوان,8816,0,True,
تیرتاوافن,34745629,0,6023004,1,بحث:هیستوری,2022-05-21T08:55:38Z,تیرتاوافن صفحهٔ [[بحث:هیستوری]] را به [[بحث:تاریخ: گذشته، حال و آینده، کتاب یکم]] منتقل کرد: فارسی‌سازی عنوان,111,111,False,mw-new-redirect
تیرتاوافن,34745628,21055551,732413,1,بحث:تاریخ: گذشته، حال و آینده، کتاب یکم,2022-05-21T08:55:38Z,تیرتاوافن صفحهٔ [[بحث:هیستوری]] را به [[بحث:تاریخ: گذشته، حال و آینده، کتاب یکم]] منتقل کرد: فارسی‌سازی عنوان,909,0,True,
تیرتاوافن,34745644,34745626,317916,0,تاریخ: گذشته، حال و آینده، کتاب یکم,2022-05-21T08:58:12Z,,8743,-73,False,wikieditor
تیرتاوافن,34745660,34745269,12990,0,مایکل جکسون,2022-05-21T09:01:14Z,/* آلبوم‌شناسی */,231523,62,False,wikieditor
تیرتاوافن,34747858,34574627,4367664,0,ایموجی اشک شوق,2022-05-21T13:38:53Z,/* جستارهای وابسته */ در متن پیوند دارد. جای درگاه اینجا نیست.,2409,-86,False,mobile edit; mobile app edit; android app edit
تیرتاوافن,34747873,34747858,4367664,0,ایموجی اشک شوق,2022-05-21T13:40:15Z,/* منابع */,2400,-9,False,mobile edit; mobile app edit; android app edit
تیرتاوافن,34747887,34747873,4367664,0,ایموجی اشک شوق,2022-05-21T13:41:45Z,,2370,-30,False,mobile edit; mobile app edit; android app edit
تیرتاوافن,34747913,34747887,4367664,0,ایموجی اشک شوق,2022-05-21T13:44:37Z,,2434,64,False,mobile edit; mobile app edit; android app edit
تیرتاوافن,34747927,34747913,4367664,0,ایموجی اشک شوق,2022-05-21T13:46:23Z,,2555,121,False,mobile edit; mobile app edit; android app edit
تیرتاوافن,34748003,34621797,3339322,0,حجاب اجباری در ایران,2022-05-21T13:57:21Z,,79335,-60,False,mobile edit; mobile app edit; android app edit
تیرتاوافن,34748018,34748003,3339322,0,حجاب اجباری در ایران,2022-05-21T13:59:27Z,/* تاریخچه */,79345,10,False,mobile edit; mobile app edit; android app edit
تیرتاوافن,34748048,34748018,3339322,0,حجاب اجباری در ایران,2022-05-21T14:03:49Z,/* وقایع و اتفاقات */,79350,5,False,mobile edit; mobile app edit; android app edit
تیرتاوافن,34748100,34748048,3339322,0,حجاب اجباری در ایران,2022-05-21T14:10:09Z,/* بخشنامه دولت رجائی در خصوص ممنوعیت ورود به ادارت دولتی */,79399,49,False,mobile edit; mobile app edit; android app edit
تیرتاوافن,34748144,34748100,3339322,0,حجاب اجباری در ایران,2022-05-21T14:16:05Z,/* قانون مجازات اسلامی (۱۳۶۳) و حجاب اجباری */,79254,-145,False,mobile edit; mobile app edit; android app edit
تیرتاوافن,34748307,34748144,3339322,0,حجاب اجباری در ایران,2022-05-21T14:41:31Z,/* واکنش شخصیتها به حجاب اجباری */,79300,46,False,mobile edit; mobile app edit; android app edit
تیرتاوافن,34749036,34191848,5559050,0,کس,2022-05-21T16:50:40Z,,6297,13,False,mobile edit; mobile app edit; android app edit
تیرتاوافن,34749175,34152182,2494608,0,شاه (عنوان),2022-05-21T17:13:50Z,,3680,-41,False,mobile edit; mobile app edit; android app edit
تیرتاوافن,34749180,34749175,2494608,0,شاه (عنوان),2022-05-21T17:14:35Z,/* جستارهای وابسته */ در متن پیوند دارد.,3661,-19,False,mobile edit; mobile app edit; android app edit
تیرتاوافن,34751960,34544634,12376,0,خدا,2022-05-22T06:10:42Z,/* اقسام باور به خدا */,26758,-68,False,mobile edit; mobile app edit; android app edit
تیرتاوافن,34751966,34751960,12376,0,خدا,2022-05-22T06:12:52Z,/* اقسام باور به خدا */,26808,50,False,mobile edit; mobile app edit; android app edit
تیرتاوافن,34751969,34751966,12376,0,خدا,2022-05-22T06:13:50Z,/* اقسام باور به خدا */,26813,5,False,mobile edit; mobile app edit; android app edit
تیرتاوافن,34751971,34751969,12376,0,خدا,2022-05-22T06:14:29Z,/* اقسام باور به خدا */,26815,2,False,mobile edit; mobile app edit; android app edit
تیرتاوافن,34751992,34751971,12376,0,خدا,2022-05-22T06:20:44Z,/* توضیح بیشتر */,26776,-39,False,mobile edit; mobile app edit; android app edit
تیرتاوافن,34751998,34751992,12376,0,خدا,2022-05-22T06:21:54Z,/* ریشه‌شناسی و واژه‌شناسی */,26763,-13,False,mobile edit; mobile app edit; android app edit
تیرتاوافن,34752005,34751998,12376,0,خدا,2022-05-22T06:23:13Z,/* گستره و فراوانی ایمان به خدا */,26766,3,False,mobile edit; mobile app edit; android app edit
تیرتاوافن,34752013,34752005,12376,0,خدا,2022-05-22T06:24:46Z,/* گستره و فراوانی ایمان به خدا */,26749,-17,False,mobile edit; mobile app edit; android app edit
تیرتاوافن,34752041,34752013,12376,0,خدا,2022-05-22T06:29:34Z,/* وجود خدا */,26759,10,False,mobile edit; mobile app edit; android app edit
تیرتاوافن,34752091,34752041,12376,0,خدا,2022-05-22T06:46:52Z,/* دیدگاه ادیان */,26846,87,False,mobile edit; mobile app edit; android app edit
تیرتاوافن,34752099,34752091,12376,0,خدا,2022-05-22T06:49:52Z,/* دیدگاه ادیان */,26685,-161,False,mobile edit; mobile app edit; android app edit
تیرتاوافن,34752110,34752099,12376,0,خدا,2022-05-22T06:51:14Z,/* دیدگاه فلاسفه */,26705,20,False,mobile edit; mobile app edit; android app edit
تیرتاوافن,34752115,34752110,12376,0,خدا,2022-05-22T06:52:12Z,/* دیدگاه فلاسفه */,26744,39,False,mobile edit; mobile app edit; android app edit
تیرتاوافن,34752120,34752115,12376,0,خدا,2022-05-22T06:53:25Z,/* جستارهای وابسته */,26623,-121,False,mobile edit; mobile app edit; android app edit
تیرتاوافن,34752126,34752120,12376,0,خدا,2022-05-22T06:54:56Z,/* ریشه‌شناسی و واژه‌شناسی */,26617,-6,False,mobile edit; mobile app edit; android app edit
تیرتاوافن,34752143,34752126,12376,0,خدا,2022-05-22T07:01:14Z,/* دیدگاه ادیان */,26578,-39,False,mobile edit; mobile app edit; android app edit
تیرتاوافن,34754880,34736556,150115,0,زنا,2022-05-22T15:22:42Z,,18445,-84,False,mobile edit; mobile app edit; android app edit
تیرتاوافن,34754891,34754880,150115,0,زنا,2022-05-22T15:23:59Z,/* تعریف */,18448,3,False,mobile edit; mobile app edit; android app edit
تیرتاوافن,34755016,34754891,150115,0,زنا,2022-05-22T15:42:02Z,/* انواع زنا در اسلام */,18692,244,False,mobile edit; mobile app edit; android app edit
تیرتاوافن,34755018,34755016,150115,0,زنا,2022-05-22T15:42:45Z,/* = زنای غیرمحصنه */,18693,1,False,mobile edit; mobile app edit; android app edit
تیرتاوافن,34755029,34755018,150115,0,زنا,2022-05-22T15:47:08Z,/* راه‌های اثبات زنا */,18657,-36,False,mobile edit; mobile app edit; android app edit
تیرتاوافن,34755038,34755029,150115,0,زنا,2022-05-22T15:48:32Z,/* راه‌های اثبات زنا */,18663,6,False,mobile edit; mobile app edit; android app edit
تیرتاوافن,34755067,34755038,150115,0,زنا,2022-05-22T15:54:44Z,/* در قرآن */,18688,25,False,mobile edit; mobile app edit; android app edit
تیرتاوافن,34755072,34755067,150115,0,زنا,2022-05-22T15:55:24Z,/* جستارهای وابسته */,18625,-63,False,mobile edit; mobile app edit; android app edit
تیرتاوافن,34755075,34755072,150115,0,زنا,2022-05-22T15:56:00Z,/* پانویس */,18687,62,False,mobile edit; mobile app edit; android app edit
تیرتاوافن,34755078,34755075,150115,0,زنا,2022-05-22T15:56:21Z,/* جستارهای وابسته */,18625,-62,False,mobile edit; mobile app edit; android app edit; mw-manual-revert
تیرتاوافن,34755081,34755078,150115,0,زنا,2022-05-22T15:57:09Z,/* منابع */,18649,24,False,mobile edit; mobile app edit; android app edit
تیرتاوافن,34760164,34013763,41427,4,ویکی‌پدیا:خط فارسی را پاس بداریم,2022-05-23T09:58:17Z,,8954,-13,False,wikieditor
تیرتاوافن,34760263,34745994,12990,0,مایکل جکسون,2022-05-23T10:17:52Z,/* آلبوم‌شناسی */,231314,27,False,visualeditor
تیرتاوافن,34760674,30308264,363883,10,الگو:مایکل جکسون,2022-05-23T11:44:20Z,,8684,-101,False,wikieditor
تیرتاوافن,34760782,34684200,615262,0,ترانه‌شناسی آلبوم‌های مایکل جکسون,2022-05-23T12:09:44Z,/* دیگر آلبوم‌ها (ریمیکس، موسیقی متن) */,70122,1,False,visualeditor
تیرتاوافن,34760810,34760674,363883,10,الگو:مایکل جکسون,2022-05-23T12:13:48Z,,8986,302,False,wikieditor
تیرتاوافن,34763207,34513288,13235,0,یهودیان ایرانی,2022-05-23T20:04:22Z,/* پیشینه */,28269,-1073,False,mobile edit; mobile app edit; android app edit
تیرتاوافن,34764950,31398364,4486,0,ماریا شیکل گروبر,2022-05-24T06:50:19Z,,1523,-636,False,mobile edit; mobile app edit; android app edit
تیرتاوافن,34764963,34764950,4486,0,ماریا شیکل گروبر,2022-05-24T06:51:40Z,,1546,23,False,mobile edit; mobile web edit; متن دارای ویکی‌متن نامتناظر; visualeditor
تیرتاوافن,34766053,34763207,13235,0,یهودیان ایرانی,2022-05-24T10:12:05Z,/* پیشینه */,28269,0,False,mobile edit; mobile app edit; android app edit
تیرتاوافن,34766064,32347900,201026,0,کنیسه یوسف‌آباد,2022-05-24T10:13:19Z,,4742,1,False,mobile edit; mobile app edit; android app edit
تیرتاوافن,34766106,34766053,13235,0,یهودیان ایرانی,2022-05-24T10:17:52Z,/* پیشینه */,27572,-697,False,mobile edit; mobile app edit; android app edit
تیرتاوافن,34766157,0,6025520,0,احمدبن یحیی بلاذری,2022-05-24T10:25:34Z,تیرتاوافن صفحهٔ [[احمدبن یحیی بلاذری]] را به [[احمد بن یحیی بلاذری]] که تغییرمسیر بود منتقل کرد: در نام‌های عربی، نخست نام فرد و سپس بنت (برای زن) یا بن (برای مرد) و سپس نام پدر می‌آید که میانشان فاصله است؛ بنابراین احمد بن یحیی درست است و احمدبن یحیی اشتباه.,76,76,False,mw-new-redirect
تیرتاوافن,34766156,33773311,259332,0,احمد بن یحیی بلاذری,2022-05-24T10:25:34Z,تیرتاوافن صفحهٔ [[احمدبن یحیی بلاذری]] را به [[احمد بن یحیی بلاذری]] که تغییرمسیر بود منتقل کرد: در نام‌های عربی، نخست نام فرد و سپس بنت (برای زن) یا بن (برای مرد) و سپس نام پدر می‌آید که میانشان فاصله است؛ بنابراین احمد بن یحیی درست است و احمدبن یحیی اشتباه.,6274,0,True,
تیرتاوافن,34766159,0,6025521,1,بحث:احمدبن یحیی بلاذری,2022-05-24T10:25:35Z,تیرتاوافن صفحهٔ [[بحث:احمدبن یحیی بلاذری]] را به [[بحث:احمد بن یحیی بلاذری]] که تغییرمسیر بود منتقل کرد: در نام‌های عربی، نخست نام فرد و سپس بنت (برای زن) یا بن (برای مرد) و سپس نام پدر می‌آید که میانشان فاصله است؛ بنابراین احمد بن یحیی درست است و احمدبن یحیی اشتباه.,83,83,False,mw-new-redirect
تیرتاوافن,34766158,20428509,839496,1,بحث:احمد بن یحیی بلاذری,2022-05-24T10:25:35Z,تیرتاوافن صفحهٔ [[بحث:احمدبن یحیی بلاذری]] را به [[بحث:احمد بن یحیی بلاذری]] که تغییرمسیر بود منتقل کرد: در نام‌های عربی، نخست نام فرد و سپس بنت (برای زن) یا بن (برای مرد) و سپس نام پدر می‌آید که میانشان فاصله است؛ بنابراین احمد بن یحیی درست است و احمدبن یحیی اشتباه.,599,0,True,
تیرتاوافن,34766271,34701829,5865954,2,کاربر:تیرتاوافن/صفحه تمرین,2022-05-24T10:47:32Z,,2140,2077,False,mobile edit; mobile web edit
تیرتاوافن,34766332,34760263,12990,0,مایکل جکسون,2022-05-24T10:58:13Z,/* پیوند به بیرون */,231312,-2,False,mobile edit; mobile app edit; android app edit
تیرتاوافن,34766352,34569953,1753895,0,شبکه هدهد,2022-05-24T11:01:40Z,,5531,-76,False,mobile edit; mobile app edit; android app edit
تیرتاوافن,34766367,34766352,1753895,0,شبکه هدهد,2022-05-24T11:04:37Z,/* برخی از تولیدات شبکه */,5406,-125,False,mobile edit; mobile app edit; android app edit
تیرتاوافن,34766375,34766367,1753895,0,شبکه هدهد,2022-05-24T11:06:01Z,/* پیوند به بیرون */,5450,44,False,mobile edit; mobile app edit; android app edit
تیرتاوافن,34766391,34766271,5865954,2,کاربر:تیرتاوافن/صفحه تمرین,2022-05-24T11:08:42Z,جایگزینی صفحه با '{{sidebar with collapsible lists}}',34,-2106,False,mobile edit; mobile web edit; mw-replace
تیرتاوافن,34766405,34766391,5865954,2,کاربر:تیرتاوافن/صفحه تمرین,2022-05-24T11:10:23Z,,2376,2342,False,mobile edit; mobile web edit
تیرتاوافن,34766416,34766405,5865954,2,کاربر:تیرتاوافن/صفحه تمرین,2022-05-24T11:13:04Z,,2406,30,False,mobile edit; mobile web edit; visualeditor
تیرتاوافن,34766428,34766416,5865954,2,کاربر:تیرتاوافن/صفحه تمرین,2022-05-24T11:14:33Z,,2469,63,False,mobile edit; mobile web edit; visualeditor
تیرتاوافن,34766435,34766428,5865954,2,کاربر:تیرتاوافن/صفحه تمرین,2022-05-24T11:15:27Z,,2488,19,False,mobile edit; mobile web edit; visualeditor
تیرتاوافن,34766610,34766435,5865954,2,کاربر:تیرتاوافن/صفحه تمرین,2022-05-24T11:42:48Z,صفحه را خالی کرد,0,-2488,False,mobile edit; mobile web edit; mw-blank; mw-manual-revert
تیرتاوافن,34766621,34706777,5886673,2,کاربر:تیرتاوافن,2022-05-24T11:44:36Z,,182,32,False,mobile edit; mobile web edit
تیرتاوافن,34766671,34766610,5865954,2,کاربر:تیرتاوافن/صفحه تمرین,2022-05-24T11:51:15Z,,771,771,False,mobile edit; mobile web edit
تیرتاوافن,34766843,34766671,5865954,2,کاربر:تیرتاوافن/صفحه تمرین,2022-05-24T12:06:56Z,,785,14,False,mobile edit; mobile web edit
تیرتاوافن,34766942,34766843,5865954,2,کاربر:تیرتاوافن/صفحه تمرین,2022-05-24T12:11:43Z,,574,-211,False,mobile edit; mobile web edit
تیرتاوافن,34766949,34766942,5865954,2,کاربر:تیرتاوافن/صفحه تمرین,2022-05-24T12:12:07Z,صفحه را خالی کرد,0,-574,False,mobile edit; mobile web edit; mw-blank; mw-manual-revert
تیرتاوافن,34766950,34766949,5865954,2,کاربر:تیرتاوافن/صفحه تمرین,2022-05-24T12:12:26Z,,44,44,False,mobile edit; mobile web edit
تیرتاوافن,34766977,34579442,3607822,4,ویکی‌پدیا:ویکی‌پروژه حقوق بشر,2022-05-24T12:15:36Z,,13333,30,False,mobile edit; mobile web edit
تیرتاوافن,34767003,34766977,3607822,4,ویکی‌پدیا:ویکی‌پروژه حقوق بشر,2022-05-24T12:18:34Z,,13368,35,False,mobile edit; mobile web edit
تیرتاوافن,34767060,34767003,3607822,4,ویکی‌پدیا:ویکی‌پروژه حقوق بشر,2022-05-24T12:24:14Z,,13469,101,False,mobile edit; mobile web edit
تیرتاوافن,34767091,34767060,3607822,4,ویکی‌پدیا:ویکی‌پروژه حقوق بشر,2022-05-24T12:27:27Z,,13434,-35,False,mobile edit; mobile web edit
تیرتاوافن,34767115,34767091,3607822,4,ویکی‌پدیا:ویکی‌پروژه حقوق بشر,2022-05-24T12:30:26Z,/* مشارکت‌کنندگان */,13648,214,False,mobile edit; mobile web edit
تیرتاوافن,34767121,34766621,5886673,2,کاربر:تیرتاوافن,2022-05-24T12:31:15Z,,218,36,False,mobile edit; mobile web edit
تیرتاوافن,34773465,34731704,14361,0,امام,2022-05-25T10:44:23Z,,8169,-24,False,mobile edit; mobile app edit; android app edit
تیرتاوافن,34773498,34773465,14361,0,امام,2022-05-25T10:48:03Z,/* منابع */,8192,23,False,mobile edit; mobile app edit; android app edit
تیرتاوافن,34774766,34160526,393656,0,۱۹۴۸,2022-05-25T14:36:37Z,/* رویدادها */,5382,84,False,mobile edit; mobile app edit; android app edit
تیرتاوافن,34775906,34755762,5843583,0,فهرست فیلم‌های والت دیزنی پیکچرز,2022-05-25T17:36:39Z,,152578,199,False,mobile edit; mobile app edit; android app edit; mw-reverted
تیرتاوافن,34775959,34775906,5843583,0,فهرست فیلم‌های والت دیزنی پیکچرز,2022-05-25T17:45:00Z,,152473,-105,False,mobile edit; mobile app edit; android app edit; mw-reverted
تیرتاوافن,34775978,34775959,5843583,0,فهرست فیلم‌های والت دیزنی پیکچرز,2022-05-25T17:48:34Z,,152469,-4,False,mobile edit; mobile app edit; android app edit; mw-reverted
تیرتاوافن,34775982,34775978,5843583,0,فهرست فیلم‌های والت دیزنی پیکچرز,2022-05-25T17:49:32Z,,152461,-8,False,mobile edit; mobile app edit; android app edit; mw-reverted
تیرتاوافن,34776072,34775982,5843583,0,فهرست فیلم‌های والت دیزنی پیکچرز,2022-05-25T18:02:08Z,/* منتشر شده */,152486,25,False,mobile edit; mobile app edit; android app edit; mw-reverted
تیرتاوافن,34776089,34776072,5843583,0,فهرست فیلم‌های والت دیزنی پیکچرز,2022-05-25T18:05:06Z,,152554,68,False,mobile edit; mobile app edit; android app edit; mw-reverted
تیرتاوافن,34776196,32874000,444411,0,آرکی‌او پیکچرز,2022-05-25T18:16:57Z,,5526,-79,False,mobile edit; mobile app edit; android app edit
تیرتاوافن,34776200,34776196,444411,0,آرکی‌او پیکچرز,2022-05-25T18:17:23Z,,5529,3,False,mobile edit; mobile app edit; android app edit
تیرتاوافن,34776210,34776200,444411,0,آرکی‌او پیکچرز,2022-05-25T18:18:20Z,,5528,-1,False,mobile edit; mobile web edit
تیرتاوافن,34776214,34776210,444411,0,آرکی‌او پیکچرز,2022-05-25T18:18:42Z,,5531,3,False,mobile edit; mobile web edit
تیرتاوافن,34776224,34776214,444411,0,آرکی‌او پیکچرز,2022-05-25T18:19:24Z,,5568,37,False,mobile edit; mobile web edit; visualeditor
تیرتاوافن,34776266,34776224,444411,0,آرکی‌او پیکچرز,2022-05-25T18:24:07Z,,5600,32,False,mobile edit; mobile web edit; visualeditor
تیرتاوافن,34776272,34776266,444411,0,آرکی‌او پیکچرز,2022-05-25T18:24:53Z,,5391,-209,False,mobile edit; mobile web edit
تیرتاوافن,34776277,34776272,444411,0,آرکی‌او پیکچرز,2022-05-25T18:25:29Z,/* تاریخچه */,5365,-26,False,mobile edit; mobile web edit
تیرتاوافن,34776278,34776277,444411,0,آرکی‌او پیکچرز,2022-05-25T18:25:56Z,,5223,-142,False,mobile edit; mobile web edit
تیرتاوافن,34776285,34776278,444411,0,آرکی‌او پیکچرز,2022-05-25T18:26:35Z,/* منابع */,5031,-192,False,mobile edit; mobile web edit
تیرتاوافن,34776290,34776285,444411,0,آرکی‌او پیکچرز,2022-05-25T18:26:51Z,,4994,-37,False,mobile edit; mobile web edit
تیرتاوافن,34776297,34766375,1753895,0,شبکه هدهد,2022-05-25T18:28:13Z,,5221,-229,False,mobile edit; mobile web edit
تیرتاوافن,34778587,34771082,358400,0,نقد قرآن,2022-05-26T06:44:47Z,,142247,0,False,mobile edit; mobile web edit
تیرتاوافن,34779834,34767644,163930,0,ایران,2022-05-26T10:15:06Z,,352676,269,False,mobile edit; mobile web edit; visualeditor; mw-reverted
تیرتاوافن,34780345,34107618,14247,0,برتراند راسل,2022-05-26T11:30:51Z,,54576,2,False,mobile edit; mobile web edit; visualeditor
تیرتاوافن,34781458,34779756,2384777,0,نوید محمدزاده,2022-05-26T14:16:38Z,,20484,0,False,mobile edit; mobile app edit; android app edit; mw-reverted
تیرتاوافن,34781478,34781458,2384777,0,نوید محمدزاده,2022-05-26T14:19:47Z,,20484,0,False,mobile edit; mobile app edit; android app edit; mw-manual-revert; mw-reverted
تیرتاوافن,34781564,34781478,2384777,0,نوید محمدزاده,2022-05-26T14:37:26Z,/* فیلم‌شناسی */,30940,10456,False,mobile edit; دارای ادبیات عامیانه; mobile app edit; android app edit; mw-reverted
تیرتاوافن,34781575,34781564,2384777,0,نوید محمدزاده,2022-05-26T14:38:27Z,/* فیلم‌شناسی */,32669,1729,False,mobile edit; mobile app edit; android app edit; mw-reverted
تیرتاوافن,34781583,34781575,2384777,0,نوید محمدزاده,2022-05-26T14:39:23Z,/* فیلم‌شناسی */,34533,1864,False,mobile edit; mobile app edit; android app edit; mw-reverted
تیرتاوافن,34781603,34759767,5249605,0,فیلم‌شناسی نوید محمدزاده,2022-05-26T14:41:38Z,/* اجرا */,16370,105,False,mobile edit; mobile app edit; android app edit
تیرتاوافن,34781610,34781583,2384777,0,نوید محمدزاده,2022-05-26T14:42:30Z,/* فیلم‌شناسی */,34722,189,False,mobile edit; mobile app edit; android app edit; mw-reverted
تیرتاوافن,34785052,34776089,5843583,0,فهرست فیلم‌های والت دیزنی پیکچرز,2022-05-27T05:08:14Z,,152568,14,False,mobile edit; mobile app edit; android app edit; mw-reverted
تیرتاوافن,34785242,34785052,5843583,0,فهرست فیلم‌های والت دیزنی پیکچرز,2022-05-27T06:21:37Z,/* منتشرشده */,152825,257,False,mobile edit; mobile app edit; android app edit; mw-reverted
تیرتاوافن,34786441,34760559,19605,0,پیامبر,2022-05-27T09:56:04Z,,16186,-162,False,mobile edit; mobile app edit; android app edit
تیرتاوافن,34788995,34782645,182167,0,سیندرلا,2022-05-27T16:37:59Z,,23384,-9,False,mobile edit; متن دارای ویکی‌متن نامتناظر; mobile app edit; android app edit
تیرتاوافن,34789176,34789065,6024808,0,فروریختن ساختمان متروپل,2022-05-27T17:22:48Z,,36891,12,False,mobile edit; mobile web edit; visualeditor
تیرتاوافن,34791958,34687387,5229837,4,ویکی‌پدیا:درخواست برای دسترسی/گشت‌زن,2022-05-28T07:16:30Z,/* درخواست کاربر:تیرتاوافن برای دسترسی گشت‌زن */ بخش جدید,1356,927,False,discussiontools-added-comment; wikieditor
تیرتاوافن,34791971,34791095,4058618,3,بحث کاربر:The Ocean,2022-05-28T07:18:39Z,/* درخواست دسترسی */ بخش جدید,6536,476,False,mobile edit; mobile app edit; android app edit; discussiontools-added-comment
تیرتاوافن,34792020,34767121,5886673,2,کاربر:تیرتاوافن,2022-05-28T07:26:25Z,,223,5,False,mobile edit; mobile app edit; android app edit
تیرتاوافن,34793523,34786441,19605,0,پیامبر,2022-05-28T12:16:08Z,,16186,0,False,visualeditor
تیرتاوافن,34793737,34791958,5229837,4,ویکی‌پدیا:درخواست برای دسترسی/گشت‌زن,2022-05-28T12:58:56Z,,1264,-92,False,mobile edit; mobile web edit
تیرتاوافن,34793740,34793737,5229837,4,ویکی‌پدیا:درخواست برای دسترسی/گشت‌زن,2022-05-28T12:59:25Z,,429,-835,False,mobile edit; mobile web edit; mw-manual-revert
تیرتاوافن,34793748,34791971,4058618,3,بحث کاربر:The Ocean,2022-05-28T13:00:32Z,,6060,-476,False,mobile edit; mobile web edit; mw-manual-revert
تیرتاوافن,34793757,34648170,5887772,4,ویکی‌پدیا:ویکی‌پروژه دیزنی/مشارکت‌کنندگان,2022-05-28T13:01:49Z,,1292,-107,False,mobile edit; mobile web edit
تیرتاوافن,34793765,34767115,3607822,4,ویکی‌پدیا:ویکی‌پروژه حقوق بشر,2022-05-28T13:02:50Z,/* مشارکت‌کنندگان */,13542,-106,False,mobile edit; mobile web edit
تیرتاوافن,34793779,34792020,5886673,2,کاربر:تیرتاوافن,2022-05-28T13:04:53Z,,51,-172,False,mobile edit; mobile web edit
تیرتاوافن,34793786,34362708,5910547,2,کاربر:راپانزل,2022-05-28T13:06:09Z,,51,-181,False,mobile edit; mobile web edit
تیرتاوافن,34799669,34795382,6020491,0,سلام فرمانده,2022-05-29T10:11:45Z,/* متن */,17067,-29,False,mobile edit; mobile app edit; android app edit
تیرتاوافن,34799682,34799669,6020491,0,سلام فرمانده,2022-05-29T10:15:01Z,/* واکنش‌ها */,17036,-31,False,mobile edit; mobile app edit; android app edit
تیرتاوافن,34804936,33549789,21733,0,مدفوع,2022-05-30T07:38:51Z,,5526,37,False,mobile edit; mobile app edit; android app edit
تیرتاوافن,34805096,34804936,21733,0,مدفوع,2022-05-30T07:53:59Z,/* کاربرد */,5499,-27,False,mobile edit; mobile app edit; android app edit
تیرتاوافن,34805108,34805096,21733,0,مدفوع,2022-05-30T07:54:55Z,/* نام‌های مختلف */,5473,-26,False,mobile edit; mobile app edit; android app edit
تیرتاوافن,34805111,34805108,21733,0,مدفوع,2022-05-30T07:55:18Z,/* نام‌های مختلف */,5460,-13,False,mobile edit; mobile app edit; android app edit
تیرتاوافن,34805155,34805111,21733,0,مدفوع,2022-05-30T07:59:00Z,/* انواع مدفوع انسان */,5465,5,False,mobile edit; mobile app edit; android app edit
تیرتاوافن,34807226,34807057,5865475,3,بحث کاربر:تیرتاوافن,2022-05-30T12:32:09Z,,39570,334,False,mobile edit; mobile app edit; android app edit; discussiontools-added-comment
تیرتاوافن,34807235,34793779,5886673,2,کاربر:تیرتاوافن,2022-05-30T12:33:08Z,,36,-15,False,mobile edit; mobile app edit; android app edit
تیرتاوافن,34808142,34641669,3234267,0,نام هنری,2022-05-30T15:20:42Z,/* برخی از نام‌های هنری */,4388,34,False,wikieditor
تیرتاوافن,34808144,34808142,3234267,0,نام هنری,2022-05-30T15:21:14Z,/* برخی از نام‌های هنری */,4402,14,False,wikieditor
تیرتاوافن,34808204,33382591,782882,0,هیچ‌کس (ابهام‌زدایی),2022-05-30T15:38:04Z,,333,-8,False,wikieditor
تیرتاوافن,34808402,34803713,4058618,3,بحث کاربر:The Ocean,2022-05-30T16:21:46Z,/* یک فنجان چای برای شما! */ ویکی‌هدیهٔ تازه,12598,637,False,wikilove; discussiontools-added-comment
تیرتاوافن,34808490,34808389,5993342,0,عنکبوت مقدس,2022-05-30T16:35:41Z,,16927,25,False,visualeditor
تیرتاوافن,34808554,34808490,5993342,0,عنکبوت مقدس,2022-05-30T16:47:54Z,,16894,-33,False,visualeditor
تیرتاوافن,34808973,34808891,5993342,0,عنکبوت مقدس,2022-05-30T17:57:20Z,,19137,2245,False,visualeditor
تیرتاوافن,34808974,34808973,5993342,0,عنکبوت مقدس,2022-05-30T17:57:44Z,/* واکنش‌ها */,19130,-7,False,visualeditor
تیرتاوافن,34809176,34809164,5993342,0,عنکبوت مقدس,2022-05-30T18:38:45Z,/* واکنش‌ها */,20409,253,False,visualeditor; mw-reverted
تیرتاوافن,34809199,0,6029834,10,الگو:مجموعه‌های اصلی دیزنی+,2022-05-30T18:44:05Z,تیرتاوافن صفحهٔ [[الگو:مجموعه‌های اصلی دیزنی+]] را به [[الگو:مجموعه‌های اصلی دیزنی پلاس]] منتقل کرد: ممکناست اشتباه خوانده شود.,100,100,False,mw-new-redirect
تیرتاوافن,34809198,34803325,5778488,10,الگو:مجموعه‌های اصلی دیزنی پلاس,2022-05-30T18:44:05Z,تیرتاوافن صفحهٔ [[الگو:مجموعه‌های اصلی دیزنی+]] را به [[الگو:مجموعه‌های اصلی دیزنی پلاس]] منتقل کرد: ممکناست اشتباه خوانده شود.,5804,0,True,
تیرتاوافن,34809204,34809199,6029834,10,الگو:مجموعه‌های اصلی دیزنی+,2022-05-30T18:46:24Z,,83,-17,False,wikieditor
تیرتاوافن,34811863,34811843,5993342,0,عنکبوت مقدس,2022-05-31T07:49:05Z,/* واکنش‌ها */,20519,-48,False,mobile edit; mobile app edit; android app edit
تیرتاوافن,34811870,34811863,5993342,0,عنکبوت مقدس,2022-05-31T07:50:09Z,/* واکنش‌ها */,20521,2,False,mobile edit; mobile app edit; android app edit
تیرتاوافن,34811883,34811870,5993342,0,عنکبوت مقدس,2022-05-31T07:52:24Z,/* تولید */,20523,2,False,mobile edit; mobile app edit; android app edit
تیرتاوافن,34811980,34811883,5993342,0,عنکبوت مقدس,2022-05-31T08:14:15Z,/* واکنش‌ها */,21474,951,False,mobile edit; mobile app edit; android app edit
تیرتاوافن,34811993,34811980,5993342,0,عنکبوت مقدس,2022-05-31T08:18:30Z,,21892,418,False,mobile edit; mobile web edit; visualeditor
تیرتاوافن,34812008,34811993,5993342,0,عنکبوت مقدس,2022-05-31T08:21:03Z,,21924,32,False,mobile edit; mobile web edit; visualeditor
تیرتاوافن,34812010,34812008,5993342,0,عنکبوت مقدس,2022-05-31T08:22:05Z,,21920,-4,False,mobile edit; mobile web edit; visualeditor
تیرتاوافن,34812090,34812010,5993342,0,عنکبوت مقدس,2022-05-31T08:39:10Z,/* واکنش‌ها */,21930,10,False,mobile edit; mobile web edit
تیرتاوافن,34812128,34812090,5993342,0,عنکبوت مقدس,2022-05-31T08:48:28Z,/* تولید */,22396,466,False,mobile edit; mobile web edit; متن دارای ویکی‌متن نامتناظر
تیرتاوافن,34812138,34812128,5993342,0,عنکبوت مقدس,2022-05-31T08:49:44Z,/* تولید */,22398,2,False,mobile edit; mobile web edit
تیرتاوافن,34812143,34812138,5993342,0,عنکبوت مقدس,2022-05-31T08:50:26Z,,22400,2,False,mobile edit; mobile web edit
تیرتاوافن,34812323,34812143,5993342,0,عنکبوت مقدس,2022-05-31T09:18:39Z,,22648,248,False,mobile edit; mobile web edit
تیرتاوافن,34812330,34812323,5993342,0,عنکبوت مقدس,2022-05-31T09:20:19Z,/* واکنش‌ها */,23272,624,False,mobile edit; mobile web edit
تیرتاوافن,34812354,34812330,5993342,0,عنکبوت مقدس,2022-05-31T09:24:09Z,,23751,479,False,mobile edit; mobile web edit; visualeditor
تیرتاوافن,34812421,34812374,5993342,0,عنکبوت مقدس,2022-05-31T09:36:22Z,/* واکنش‌ها */,24121,4,False,mobile edit; mobile app edit; android app edit
تیرتاوافن,34812444,34812421,5993342,0,عنکبوت مقدس,2022-05-31T09:41:59Z,/* واکنش‌ها */,24121,0,False,mobile edit; mobile app edit; android app edit
تیرتاوافن,34812450,34812444,5993342,0,عنکبوت مقدس,2022-05-31T09:44:03Z,/* تولید */,24121,0,False,mobile edit; mobile app edit; android app edit
تیرتاوافن,34812459,34812450,5993342,0,عنکبوت مقدس,2022-05-31T09:45:57Z,/* خلاصه داستان */,24129,8,False,mobile edit; mobile app edit; android app edit
تیرتاوافن,34812474,34812459,5993342,0,عنکبوت مقدس,2022-05-31T09:47:29Z,/* خلاصه داستان */,24126,-3,False,mobile edit; mobile app edit; android app edit
تیرتاوافن,34812712,34764536,5768524,0,محمدمهدی اسماعیلی,2022-05-31T10:22:30Z,/* منابع */,3668,62,False,mobile edit; mobile app edit; android app edit
تیرتاوافن,34812745,34812712,5768524,0,محمدمهدی اسماعیلی,2022-05-31T10:27:06Z,/* پیوند به بیرون */,3630,-38,False,mobile edit; mobile app edit; android app edit
تیرتاوافن,34812860,34811694,6020491,0,سلام فرمانده,2022-05-31T10:46:27Z,,17106,1,False,mobile edit; mobile app edit; android app edit
تیرتاوافن,34812873,34812860,6020491,0,سلام فرمانده,2022-05-31T10:49:12Z,,17184,78,False,mobile edit; mobile web edit; متن دارای ویکی‌متن نامتناظر; visualeditor
تیرتاوافن,34812881,34812873,6020491,0,سلام فرمانده,2022-05-31T10:50:14Z,,17091,-93,False,mobile edit; mobile web edit; visualeditor
تیرتاوافن,34812892,34812881,6020491,0,سلام فرمانده,2022-05-31T10:51:50Z,,17038,-53,False,mobile edit; mobile web edit; متن دارای ویکی‌متن نامتناظر; visualeditor
تیرتاوافن,34813245,34582956,5862858,3,بحث کاربر:پاندورا,2022-05-31T11:40:19Z,,18303,-23,False,mobile edit; mobile app edit; android app edit; discussiontools-added-comment
تیرتاوافن,34815344,34813695,410837,0,سید عبدالله فاطمی‌نیا,2022-05-31T18:26:14Z,/* خانواده */,28878,-10,False,mobile edit; mobile app edit; android app edit
تیرتاوافن,34815350,34815344,410837,0,سید عبدالله فاطمی‌نیا,2022-05-31T18:27:59Z,/* فعالیت‌های علمی */,28802,-76,False,mobile edit; mobile app edit; android app edit
تیرتاوافن,34815373,34815350,410837,0,سید عبدالله فاطمی‌نیا,2022-05-31T18:31:44Z,/* مقالات */,28800,-2,False,mobile edit; mobile app edit; android app edit
تیرتاوافن,34815380,34815373,410837,0,سید عبدالله فاطمی‌نیا,2022-05-31T18:33:42Z,/* جستارهای وابسته */ در متن پیوند دارد.,28680,-120,False,mobile edit; mobile app edit; android app edit
تیرتاوافن,34815382,34815380,410837,0,سید عبدالله فاطمی‌نیا,2022-05-31T18:34:00Z,/* جستارهای وابسته */,28678,-2,False,mobile edit; mobile app edit; android app edit
تیرتاوافن,34815412,34815382,410837,0,سید عبدالله فاطمی‌نیا,2022-05-31T18:38:39Z,,28580,-98,False,mobile edit; mobile app edit; android app edit
تیرتاوافن,34815431,34815412,410837,0,سید عبدالله فاطمی‌نیا,2022-05-31T18:42:50Z,,28539,-41,False,mobile edit; متن دارای ویکی‌متن نامتناظر; mobile app edit; android app edit
تیرتاوافن,34815440,34815431,410837,0,سید عبدالله فاطمی‌نیا,2022-05-31T18:45:11Z,/* کتاب‌شناسی */,28528,-11,False,mobile edit; mobile app edit; android app edit
تیرتاوافن,34815462,34815440,410837,0,سید عبدالله فاطمی‌نیا,2022-05-31T18:48:27Z,,28527,-1,False,mobile edit; mobile app edit; android app edit
تیرتاوافن,34815473,34815462,410837,0,سید عبدالله فاطمی‌نیا,2022-05-31T18:50:24Z,/* خانواده */,28526,-1,False,mobile edit; mobile app edit; android app edit
تیرتاوافن,34817955,34815473,410837,0,سید عبدالله فاطمی‌نیا,2022-06-01T08:09:51Z,,28486,-40,False,mobile edit; mobile app edit; android app edit
تیرتاوافن,34818005,34817955,410837,0,سید عبدالله فاطمی‌نیا,2022-06-01T08:16:09Z,/* پیوند به بیرون */,28253,-233,False,mobile edit; mobile app edit; android app edit
تیرتاوافن,34818079,34818005,410837,0,سید عبدالله فاطمی‌نیا,2022-06-01T08:25:55Z,,28404,151,False,mobile edit; mobile app edit; android app edit
تیرتاوافن,34819252,34817654,5993342,0,عنکبوت مقدس,2022-06-01T12:12:07Z,/* واکنش‌ها */,24243,-1,False,wikieditor
تیرتاوافن,34820035,33813271,6694,0,آلاباما,2022-06-01T14:47:38Z,/* تاریخ */,135745,-38,False,mobile edit; mobile app edit; android app edit
تیرتاوافن,34820084,34820035,6694,0,آلاباما,2022-06-01T14:54:19Z,/* ساکنان بومی پیش از ورود اروپاییان */,135812,67,False,wikieditor
تیرتاوافن,34823519,33067170,3337667,0,هیولا,2022-06-02T04:30:40Z,,3444,-1416,False,wikieditor
تیرتاوافن,34824511,33569971,8973,0,تظاهرات ۳۰ تیر,2022-06-02T08:27:16Z,,6401,-242,False,wikieditor
تیرتاوافن,34824518,34824511,8973,0,تظاهرات ۳۰ تیر,2022-06-02T08:27:52Z,,6409,8,False,wikieditor
تیرتاوافن,34824524,34824518,8973,0,تظاهرات ۳۰ تیر,2022-06-02T08:28:46Z,,6427,18,False,wikieditor
تیرتاوافن,34824530,34824524,8973,0,تظاهرات ۳۰ تیر,2022-06-02T08:29:50Z,/* کشته‌شدگان */,6403,-24,False,wikieditor
تیرتاوافن,34824532,34824530,8973,0,تظاهرات ۳۰ تیر,2022-06-02T08:30:05Z,/* پیشینه */,6395,-8,False,wikieditor
تیرتاوافن,34824651,34810069,27033,0,فرح پهلوی,2022-06-02T08:50:37Z,,79746,64,False,wikieditor
تیرتاوافن,34824770,34823484,5993342,0,عنکبوت مقدس,2022-06-02T09:09:52Z,/* تولید */,24719,4,False,visualeditor
تیرتاوافن,34824797,34824770,5993342,0,عنکبوت مقدس,2022-06-02T09:12:48Z,/* تولید */,24719,0,False,visualeditor
تیرتاوافن,34824831,34824797,5993342,0,عنکبوت مقدس,2022-06-02T09:16:11Z,/* تولید */,24727,8,False,visualeditor
تیرتاوافن,34824836,34824831,5993342,0,عنکبوت مقدس,2022-06-02T09:16:59Z,/* انتشار */,24729,2,False,visualeditor
تیرتاوافن,34824848,34824836,5993342,0,عنکبوت مقدس,2022-06-02T09:18:45Z,/* بازخورد */,24732,3,False,visualeditor
تیرتاوافن,34824872,34824848,5993342,0,عنکبوت مقدس,2022-06-02T09:21:40Z,/* واکنش‌ها */,24763,31,False,visualeditor
تیرتاوافن,34824927,34824872,5993342,0,عنکبوت مقدس,2022-06-02T09:30:06Z,/* واکنش‌ها */,25873,1110,False,wikieditor
تیرتاوافن,34824933,34824927,5993342,0,عنکبوت مقدس,2022-06-02T09:31:38Z,/* واکنش‌ها */,25888,15,False,wikieditor
تیرتاوافن,34824940,34824933,5993342,0,عنکبوت مقدس,2022-06-02T09:35:35Z,/* واکنش‌ها */,25894,6,False,wikieditor
تیرتاوافن,34824947,34824940,5993342,0,عنکبوت مقدس,2022-06-02T09:37:27Z,/* واکنش‌ها */,25890,-4,False,wikieditor
تیرتاوافن,34824967,34817772,5768524,0,محمدمهدی اسماعیلی,2022-06-02T09:42:29Z,,2604,0,False,wikieditor
تیرتاوافن,34824973,34824967,5768524,0,محمدمهدی اسماعیلی,2022-06-02T09:45:09Z,,2678,74,False,متن دارای ویکی‌متن نامتناظر; wikieditor
تیرتاوافن,34825287,34793757,5887772,4,ویکی‌پدیا:ویکی‌پروژه دیزنی/مشارکت‌کنندگان,2022-06-02T10:50:42Z,,1397,105,False,mobile edit; mobile web edit; mw-reverted
تیرتاوافن,34825315,34793765,3607822,4,ویکی‌پدیا:ویکی‌پروژه حقوق بشر,2022-06-02T10:55:35Z,/* مشارکت‌کنندگان */,13648,106,False,mobile edit; mobile web edit; mw-manual-revert
تیرتاوافن,34825322,34825315,3607822,4,ویکی‌پدیا:ویکی‌پروژه حقوق بشر,2022-06-02T10:56:21Z,/* مشارکت‌کنندگان */,13640,-8,False,mobile edit; mobile web edit
تیرتاوافن,34825329,34807235,5886673,2,کاربر:تیرتاوافن,2022-06-02T10:57:27Z,,143,107,False,mobile edit; mobile web edit; visualeditor
تیرتاوافن,34825337,34825329,5886673,2,کاربر:تیرتاوافن,2022-06-02T10:58:08Z,,216,73,False,mobile edit; mobile web edit
تیرتاوافن,34828538,34827677,5993342,0,عنکبوت مقدس,2022-06-02T20:38:20Z,/* واکنش‌ها */,25349,-9,False,mobile edit; mobile app edit; android app edit; mw-reverted
تیرتاوافن,34828547,34828538,5993342,0,عنکبوت مقدس,2022-06-02T20:40:10Z,,25359,10,False,mobile edit; mobile app edit; android app edit; mw-reverted
تیرتاوافن,34829953,34677149,5685366,0,فهرست ملکه‌های ایران,2022-06-03T07:02:21Z,/* پهلوی */,11108,182,False,mobile edit; mobile app edit; android app edit
تیرتاوافن,34830853,34829389,5993342,0,عنکبوت مقدس,2022-06-03T10:22:41Z,,25371,13,False,mobile edit; mobile app edit; android app edit
تیرتاوافن,34830945,34830853,5993342,0,عنکبوت مقدس,2022-06-03T10:38:41Z,,25372,1,False,mobile edit; mobile app edit; android app edit
تیرتاوافن,34830953,34830945,5993342,0,عنکبوت مقدس,2022-06-03T10:39:35Z,,25371,-1,False,mobile edit; mobile app edit; android app edit
تیرتاوافن,34830958,34830953,5993342,0,عنکبوت مقدس,2022-06-03T10:40:34Z,/* خلاصه داستان */,25354,-17,False,mobile edit; mobile app edit; android app edit
تیرتاوافن,34831069,34830958,5993342,0,عنکبوت مقدس,2022-06-03T11:00:48Z,/* بازیگران */,25259,-95,False,mobile edit; mobile app edit; android app edit
تیرتاوافن,34831138,34831069,5993342,0,عنکبوت مقدس,2022-06-03T11:19:05Z,/* واکنش‌ها */,25427,168,False,mobile edit; mobile app edit; android app edit
تیرتاوافن,34831141,34831138,5993342,0,عنکبوت مقدس,2022-06-03T11:19:55Z,/* بازخورد */,25423,-4,False,mobile edit; mobile app edit; android app edit
تیرتاوافن,34831152,34831141,5993342,0,عنکبوت مقدس,2022-06-03T11:21:28Z,/* واکنش‌ها */,25396,-27,False,mobile edit; mobile app edit; android app edit
تیرتاوافن,34836135,34831696,5993342,0,عنکبوت مقدس,2022-06-04T05:36:22Z,حذف مطالب تکراری,25770,-811,False,mobile edit; mobile app edit; android app edit
تیرتاوافن,34836164,34836135,5993342,0,عنکبوت مقدس,2022-06-04T05:53:18Z,/* انتشار */,25912,142,False,mobile edit; mobile app edit; android app edit
تیرتاوافن,34836170,34836164,5993342,0,عنکبوت مقدس,2022-06-04T05:56:02Z,/* پیوند به بیرون */,25897,-15,False,mobile edit; mobile app edit; android app edit
تیرتاوافن,34836187,34836170,5993342,0,عنکبوت مقدس,2022-06-04T06:02:21Z,/* داستان */,25891,-6,False,mobile edit; mobile app edit; android app edit
تیرتاوافن,34836193,34836187,5993342,0,عنکبوت مقدس,2022-06-04T06:05:26Z,/* بازیگران */,25919,28,False,mobile edit; mobile app edit; android app edit
تیرتاوافن,34836196,34816620,166364,0,سعید حنایی,2022-06-04T06:07:32Z,,16061,-102,False,mobile edit; mobile app edit; android app edit
تیرتاوافن,34836208,34836196,166364,0,سعید حنایی,2022-06-04T06:11:32Z,/* قتل‌ها */,16103,42,False,mobile edit; mobile app edit; android app edit
تیرتاوافن,34836215,34836208,166364,0,سعید حنایی,2022-06-04T06:13:42Z,/* انگیزه قاتل */,16177,74,False,mobile edit; mobile app edit; android app edit
تیرتاوافن,34836218,34836215,166364,0,سعید حنایی,2022-06-04T06:14:23Z,/* جستارهای وابسته */,16073,-104,False,mobile edit; mobile app edit; android app edit
تیرتاوافن,34836224,34836218,166364,0,سعید حنایی,2022-06-04T06:15:45Z,/* انگیزهٔ قاتل */,16085,12,False,mobile edit; mobile app edit; android app edit
تیرتاوافن,34836230,34836193,5993342,0,عنکبوت مقدس,2022-06-04T06:17:09Z,/* بازیگران */,25917,-2,False,mobile edit; mobile app edit; android app edit
تیرتاوافن,34837862,34836843,5865475,3,بحث کاربر:تیرتاوافن,2022-06-04T11:41:20Z,/* نامزدی حذف سریع پرونده:سلام فرمانده.jpg */,42167,-2363,False,wikieditor
تیرتاوافن,34837863,34837862,5865475,3,بحث کاربر:تیرتاوافن,2022-06-04T11:41:45Z,/* نامزدی حذف سریع پرونده:سلام فرمانده.jpg */,39980,-2187,False,wikieditor
تیرتاوافن,34837876,33874652,33708,4,ویکی‌پدیا:شیوه‌نامه/فیلم‌ها,2022-06-04T11:44:11Z,/* ایتالیک */,27479,-301,False,wikieditor
تیرتاوافن,34837890,34829466,410837,0,سید عبدالله فاطمی‌نیا,2022-06-04T11:48:47Z,/* جلسات درس و تفسیر */,28042,-626,False,wikieditor
تیرتاوافن,34837899,34837890,410837,0,سید عبدالله فاطمی‌نیا,2022-06-04T11:51:59Z,/* مقالات */,28050,8,False,wikieditor
تیرتاوافن,34837900,34837899,410837,0,سید عبدالله فاطمی‌نیا,2022-06-04T11:52:29Z,/* مقالات */,28049,-1,False,wikieditor
تیرتاوافن,34837903,34837900,410837,0,سید عبدالله فاطمی‌نیا,2022-06-04T11:53:16Z,/* مقالات */,28049,0,False,wikieditor
تیرتاوافن,34837905,34837903,410837,0,سید عبدالله فاطمی‌نیا,2022-06-04T11:54:23Z,,28000,-49,False,wikieditor
تیرتاوافن,34847090,34837863,5865475,3,بحث کاربر:تیرتاوافن,2022-06-05T16:19:13Z,/* وپ:سینما */,40361,381,False,discussiontools-added-comment; wikieditor
تیرتاوافن,34893317,34847090,5865475,3,بحث کاربر:تیرتاوافن,2022-06-13T15:07:18Z,/* چرا من قطع دسترسی شده‌ام؟ */,41130,769,False,mobile edit; mobile web edit; discussiontools-added-comment
تیرتاوافن,34903578,34893317,5865475,3,بحث کاربر:تیرتاوافن,2022-06-15T05:45:54Z,/* چرا من قطع دسترسی شده‌ام؟ */,42566,1436,False,mobile edit; mobile web edit
تیرتاوافن,34927647,34903578,5865475,3,بحث کاربر:تیرتاوافن,2022-06-18T17:47:40Z,/* چرا من قطع دسترسی شده‌ام؟ */,43063,497,False,mobile edit; mobile web edit; discussiontools-added-comment
تیرتاوافن,34951372,34927647,5865475,3,بحث کاربر:تیرتاوافن,2022-06-21T18:55:09Z,,43498,435,False,mobile edit; mobile app edit; android app edit; discussiontools-added-comment
تیرتاوافن,34967488,34951372,5865475,3,بحث کاربر:تیرتاوافن,2022-06-24T12:33:47Z,/* چرا من قطع دسترسی شده‌ام؟ */,44462,964,False,mobile edit; mobile web edit; discussiontools-added-comment
تیرتاوافن,34970393,34970326,5865475,3,بحث کاربر:تیرتاوافن,2022-06-24T20:45:25Z,/* چرا من قطع دسترسی شده‌ام؟ */ پاسخ,47410,1319,False,mobile edit; mobile app edit; android app edit; discussiontools-added-comment
تیرتاوافن,34970450,34970444,5865475,3,بحث کاربر:تیرتاوافن,2022-06-24T20:58:41Z,/* چرا من قطع دسترسی شده‌ام؟ */ پاسخ,48701,401,False,mobile edit; mobile app edit; android app edit; discussiontools-added-comment
تیرتاوافن,34973741,34973648,5865475,3,بحث کاربر:تیرتاوافن,2022-06-25T11:01:46Z,/* چرا من قطع دسترسی شده‌ام؟ */ پاسخ,50318,699,False,mobile edit; mobile app edit; android app edit; discussiontools-added-comment
تیرتاوافن,34973785,34973758,5865475,3,بحث کاربر:تیرتاوافن,2022-06-25T11:10:22Z,/* چرا من قطع دسترسی شده‌ام؟ */ پاسخ,51839,933,False,mobile edit; mobile app edit; android app edit; discussiontools-added-comment
تیرتاوافن,35067666,34987506,5865475,3,بحث کاربر:تیرتاوافن,2022-07-08T19:44:52Z,/* چرا من قطع دسترسی شده‌ام؟ */,55266,2246,False,mobile edit; mobile web edit; discussiontools-added-comment
تیرتاوافن,35130146,35067666,5865475,3,بحث کاربر:تیرتاوافن,2022-07-14T14:36:54Z,,55288,22,False,mobile edit; mobile web edit
تیرتاوافن,35218194,35201319,5865475,3,بحث کاربر:تیرتاوافن,2022-07-23T20:35:26Z,/* چرا من قطع دسترسی شده‌ام؟ */,54828,-1436,False,mobile edit; mobile web edit; advanced mobile edit
تیرتاوافن,35218333,35218194,5865475,3,بحث کاربر:تیرتاوافن,2022-07-23T21:05:17Z,,60119,5291,False,mobile edit; mobile web edit; advanced mobile edit; discussiontools-added-comment
تیرتاوافن,35221347,35218527,5865475,3,بحث کاربر:تیرتاوافن,2022-07-24T07:52:32Z,,61460,290,False,mobile edit; mobile web edit; advanced mobile edit; discussiontools-added-comment
تیرتاوافن,35233714,35221347,5865475,3,بحث کاربر:تیرتاوافن,2022-07-25T20:20:34Z,,61572,112,False,mobile edit; mobile web edit; advanced mobile edit
تیرتاوافن,35233733,35233714,5865475,3,بحث کاربر:تیرتاوافن,2022-07-25T20:22:21Z,,61561,-11,False,mobile edit; mobile web edit; advanced mobile edit
تیرتاوافن,35233748,35233733,5865475,3,بحث کاربر:تیرتاوافن,2022-07-25T20:27:03Z,,61858,297,False,mobile edit; mobile web edit; advanced mobile edit
تیرتاوافن,35233882,35233748,5865475,3,بحث کاربر:تیرتاوافن,2022-07-25T21:01:22Z,,61561,-297,False,mobile edit; mobile web edit; advanced mobile edit; mw-manual-revert
تیرتاوافن,35233894,35233882,5865475,3,بحث کاربر:تیرتاوافن,2022-07-25T21:04:46Z,/* چرا من قطع دسترسی شده‌ام؟ */,62016,455,False,mobile edit; mobile web edit; advanced mobile edit; discussiontools-added-comment
تیرتاوافن,35310058,35233894,5865475,3,بحث کاربر:تیرتاوافن,2022-08-06T11:07:15Z,/* چرا من قطع دسترسی شده‌ام؟ */,62581,565,False,mobile edit; mobile web edit; advanced mobile edit; discussiontools-added-comment
تیرتاوافن,35311497,35311461,5865475,3,بحث کاربر:تیرتاوافن,2022-08-06T16:00:30Z,,63782,631,False,mobile edit; mobile web edit; advanced mobile edit; discussiontools-added-comment
تیرتاوافن,35311502,35311497,5865475,3,بحث کاربر:تیرتاوافن,2022-08-06T16:01:12Z,,63782,0,False,mobile edit; mobile web edit; advanced mobile edit
تیرتاوافن,35312723,35312688,5865475,3,بحث کاربر:تیرتاوافن,2022-08-06T19:37:14Z,,65384,1013,False,mobile edit; mobile web edit; advanced mobile edit; discussiontools-added-comment
تیرتاوافن,35312746,35312723,5865475,3,بحث کاربر:تیرتاوافن,2022-08-06T19:43:45Z,,66189,805,False,mobile edit; mobile web edit; advanced mobile edit; discussiontools-added-comment
تیرتاوافن,35316001,35314358,5865475,3,بحث کاربر:تیرتاوافن,2022-08-07T11:17:26Z,,70031,2098,False,mobile edit; mobile web edit; افزودن نویسهٔ تکراری; advanced mobile edit; discussiontools-added-comment
تیرتاوافن,35316236,35316103,5865475,3,بحث کاربر:تیرتاوافن,2022-08-07T11:42:39Z,,72974,1129,False,mobile edit; mobile web edit; advanced mobile edit; discussiontools-added-comment
تیرتاوافن,35330683,35316236,5865475,3,بحث کاربر:تیرتاوافن,2022-08-09T20:46:37Z,,73212,238,False,mobile edit; mobile web edit; advanced mobile edit; discussiontools-added-comment
تیرتاوافن,35331366,35331296,5865475,3,بحث کاربر:تیرتاوافن,2022-08-09T23:09:59Z,,74463,129,False,mobile edit; mobile web edit; advanced mobile edit
